DAY,CAMPAIGN_ID,CONTENT_SHARED,IMPRESSIONS,CLICKS,CTR,LIKES,COMMENTS,SHARES,RESHARES
31/03/2017,3551,Picture,52190,1396,2.675,138,104,83,14
31/03/2017,2344,Video,15765,1234,7.827,149,94,76,2
30/03/2017,2918,Video,78998,1204,1.524,122,167,119,30
30/03/2017,4503,Article,19506,1492,7.649,196,108,27,40
29/03/2017,2735,Picture,71371,811,1.136,102,67,18,3
29/03/2017,4210,Article,54497,447,0.82,134,146,12,30
28/03/2017,2577,Video,70761,449,0.635,139,112,175,32
28/03/2017,3104,Picture,30129,1364,4.527,167,102,16,26
27/03/2017,2812,Article,37097,821,2.213,170,102,58,41
27/03/2017,2478,Video,17962,1166,6.491,194,149,136,5
26/03/2017,1544,Video,75961,1068,1.406,114,112,86,18
26/03/2017,2000,Picture,64931,1285,1.979,139,145,51,49
25/03/2017,1185,Picture,13090,1347,10.29,185,200,64,22
25/03/2017,5925,Picture,51491,865,1.68,136,149,149,4
24/03/2017,2240,Video,79728,1078,1.352,100,126,27,25
24/03/2017,5394,Picture,71243,1142,1.603,156,178,68,34
23/03/2017,5199,Article,54653,1426,2.609,166,194,72,30
23/03/2017,2745,Video,75026,1273,1.697,122,59,154,20
23/03/2017,4842,Article,25830,1413,5.47,117,121,119,35
22/03/2017,5965,Video,42044,1032,2.455,161,174,122,25
22/03/2017,4003,Article,48839,462,0.946,133,61,162,46
22/03/2017,4907,Article,60684,518,0.854,199,126,97,27
21/03/2017,6207,Article,68892,1421,2.063,173,113,172,39
21/03/2017,4308,Video,49059,1127,2.297,191,156,137,14
21/03/2017,1189,Article,32638,963,2.951,168,132,25,14
20/03/2017,3411,Video,69662,651,0.935,158,138,155,26
20/03/2017,4141,Picture,51722,680,1.315,130,114,94,32
20/03/2017,3330,Video,10706,1065,9.948,181,108,51,49
19/03/2017,6977,Video,50810,648,1.275,109,114,115,28
19/03/2017,3140,Article,68889,966,1.402,131,125,47,2
19/03/2017,2257,Article,72761,1077,1.48,169,131,93,33
18/03/2017,3612,Picture,70027,1288,1.839,127,67,106,9
18/03/2017,1002,Video,39600,554,1.399,138,97,135,41
18/03/2017,2234,Video,33539,876,2.612,162,112,124,50
17/03/2017,4307,Picture,45637,677,1.483,141,58,174,16
17/03/2017,4966,Video,62798,1019,1.623,109,155,148,30
17/03/2017,3774,Picture,12684,405,3.193,138,119,83,48
16/03/2017,3779,Article,12897,1037,8.041,101,95,30,14
16/03/2017,6863,Picture,48364,691,1.429,173,153,29,10
16/03/2017,6118,Video,78623,530,0.674,101,134,22,42
15/03/2017,1450,Picture,69513,958,1.378,192,140,192,24
15/03/2017,1943,Article,14746,664,4.503,154,90,17,47
15/03/2017,3543,Video,73417,1151,1.568,187,176,147,50
14/03/2017,6057,Video,19733,1089,5.519,185,120,157,2
14/03/2017,1088,Picture,59302,1214,2.047,158,86,141,2
14/03/2017,3333,Picture,64898,599,0.923,194,86,12,40
13/03/2017,1674,Video,14538,797,5.482,191,191,66,39
13/03/2017,5813,Picture,52758,540,1.024,110,173,131,14
13/03/2017,5667,Article,75736,680,0.898,142,193,161,5
12/03/2017,6952,Video,60916,1378,2.262,132,178,107,29
12/03/2017,3985,Picture,57523,1294,2.25,112,156,171,42
12/03/2017,4555,Video,23898,898,3.758,117,178,76,3
11/03/2017,6501,Article,55316,540,0.976,113,166,137,1
11/03/2017,3309,Article,37408,1153,3.082,179,117,116,33
11/03/2017,5317,Picture,19106,621,3.25,185,111,114,16
10/03/2017,5759,Video,16583,1477,8.907,169,180,67,32
10/03/2017,5907,Picture,60866,1400,2.3,171,200,155,2
10/03/2017,5346,Article,42122,580,1.377,183,191,49,29
09/03/2017,2053,Article,39792,617,1.551,178,198,88,40
09/03/2017,2266,Picture,29119,671,2.304,196,65,61,27
09/03/2017,2777,Article,63894,853,1.335,102,80,192,39
08/03/2017,5924,Picture,13940,740,5.308,144,85,103,2
08/03/2017,5770,Article,24481,1440,5.882,193,107,163,24
08/03/2017,1589,Video,75780,863,1.139,158,136,87,50
07/03/2017,5918,Picture,58733,618,1.052,179,140,165,17
07/03/2017,3131,Video,68796,749,1.089,104,81,31,39
07/03/2017,5575,Article,75006,930,1.24,136,134,162,36
06/03/2017,3970,Video,33510,1137,3.393,116,119,107,25
06/03/2017,1763,Article,25646,650,2.535,195,166,199,10
06/03/2017,1609,Video,16370,858,5.241,119,63,85,42
05/03/2017,4468,Picture,76854,874,1.137,169,150,122,34
05/03/2017,5933,Article,35245,1272,3.609,112,126,26,45
05/03/2017,3263,Video,36937,813,2.201,126,135,117,49
04/03/2017,3448,Video,58687,1101,1.876,200,186,76,40
04/03/2017,4368,Picture,51874,731,1.409,157,94,163,22
04/03/2017,6337,Article,23166,541,2.335,185,181,189,22
03/03/2017,4165,Picture,34270,1450,4.231,195,86,133,24
03/03/2017,6623,Article,69135,1121,1.621,195,162,112,43
03/03/2017,1735,Article,62107,991,1.596,154,67,175,20
02/03/2017,4102,Picture,36205,1371,3.787,164,194,83,38
02/03/2017,5203,Video,27794,831,2.99,177,180,70,30
02/03/2017,6795,Picture,65249,1049,1.608,130,88,57,30
01/03/2017,2901,Article,44368,791,1.783,108,143,42,26
01/03/2017,6901,Picture,50301,1169,2.324,187,77,144,49
01/03/2017,3818,Picture,74228,491,0.661,191,122,90,44
28/02/2017,6056,Article,53516,738,1.379,145,133,58,5
28/02/2017,1602,Video,64144,1158,1.805,111,57,99,17
27/02/2017,3282,Article,30886,984,3.186,163,110,115,45
27/02/2017,2831,Picture,73024,723,0.99,118,157,52,17
26/02/2017,4709,Video,10443,732,7.009,148,103,130,42
26/02/2017,5017,Video,58534,685,1.17,187,66,149,9
25/02/2017,1750,Article,76754,1454,1.894,157,91,141,31
25/02/2017,5673,Article,60490,1168,1.931,174,137,85,3
24/02/2017,5587,Video,59241,951,1.605,173,199,154,42
24/02/2017,4026,Video,13799,801,5.805,186,112,190,39
23/02/2017,4478,Video,29778,1102,3.701,180,171,125,19
23/02/2017,2359,Video,79432,1482,1.866,141,139,63,42
22/02/2017,3989,Video,22484,955,4.247,188,70,61,32
22/02/2017,6189,Video,30819,768,2.492,104,179,168,21
21/02/2017,1108,Picture,29050,449,1.546,150,55,40,49
21/02/2017,1809,Article,19397,427,2.201,134,152,152,3
20/02/2017,5222,Picture,20331,578,2.843,125,94,182,15
20/02/2017,4759,Video,56713,1130,1.992,143,200,195,1
19/02/2017,5967,Picture,39530,1320,3.339,131,159,53,18
19/02/2017,4299,Picture,75059,410,0.546,114,100,145,27
18/02/2017,6686,Video,50274,1082,2.152,182,114,22,44
18/02/2017,4126,Video,50599,1086,2.146,101,78,130,24
17/02/2017,1775,Picture,72494,870,1.2,128,162,65,21
17/02/2017,2177,Picture,15231,1263,8.292,164,95,110,26
16/02/2017,4537,Video,58494,911,1.557,122,54,198,35
16/02/2017,3067,Picture,73207,1242,1.697,125,193,161,32
15/02/2017,6016,Picture,68278,636,0.931,144,191,47,20
15/02/2017,3663,Article,76103,730,0.959,137,68,143,26
14/02/2017,5104,Video,60839,936,1.538,194,171,38,36
14/02/2017,5868,Article,51401,1182,2.3,196,88,159,44
13/02/2017,3899,Picture,52533,660,1.256,148,113,24,37
13/02/2017,4445,Article,59465,686,1.154,171,176,124,4
12/02/2017,6327,Picture,66510,1027,1.544,149,111,132,29
12/02/2017,3719,Picture,66823,1247,1.866,165,117,184,43
11/02/2017,6943,Picture,10751,687,6.39,174,91,118,15
11/02/2017,5787,Picture,32830,1254,3.82,178,124,50,30
10/02/2017,6456,Video,32839,1084,3.301,110,194,123,24
10/02/2017,6290,Article,38226,731,1.912,176,148,46,14
10/02/2017,3670,Article,58478,702,1.2,116,69,152,47
09/02/2017,6048,Article,14140,720,5.092,167,168,17,21
09/02/2017,5190,Article,62933,1289,2.048,170,58,138,43
09/02/2017,1732,Video,20461,1088,5.317,101,186,103,50
08/02/2017,5164,Video,25338,534,2.108,109,87,39,26
08/02/2017,5241,Video,65839,552,0.838,138,164,104,3
08/02/2017,5231,Article,41298,1376,3.332,132,177,157,26
07/02/2017,2361,Picture,57551,1495,2.598,119,58,43,10
07/02/2017,5832,Video,34426,820,2.382,164,140,96,28
07/02/2017,2541,Video,34802,815,2.342,111,78,75,40
06/02/2017,6981,Video,10544,527,4.998,192,73,166,32
06/02/2017,3417,Article,62867,1329,2.114,185,74,181,23
06/02/2017,4107,Video,18448,651,3.529,176,112,169,45
05/02/2017,5201,Video,36578,589,1.61,191,189,148,28
05/02/2017,4754,Picture,14976,1345,8.981,102,198,156,48
05/02/2017,4495,Picture,22034,670,3.041,101,77,37,27
04/02/2017,5411,Video,11749,1221,10.392,155,188,61,37
04/02/2017,1190,Video,63161,816,1.292,190,119,90,18
04/02/2017,3744,Picture,53168,1310,2.464,182,97,198,8
03/02/2017,2570,Video,74819,1495,1.998,166,73,73,44
03/02/2017,2828,Article,71567,544,0.76,107,153,20,29
03/02/2017,5338,Video,49810,780,1.566,134,74,139,12
02/02/2017,4022,Video,56703,993,1.751,150,147,108,5
02/02/2017,5256,Picture,54397,611,1.123,109,136,188,46
02/02/2017,3819,Video,41941,556,1.326,156,104,170,35
01/02/2017,2415,Picture,22870,1448,6.331,119,124,121,17
01/02/2017,3505,Picture,64400,1373,2.132,132,133,34,4
01/02/2017,1484,Video,63247,1156,1.828,118,83,169,33
31/01/2017,4298,Video,68780,780,1.134,104,152,22,31
31/01/2017,6199,Video,63697,767,1.204,131,130,26,35
30/01/2017,1696,Picture,38959,1137,2.918,129,199,43,12
30/01/2017,4225,Video,53665,505,0.941,139,50,145,42
29/01/2017,3772,Video,34079,924,2.711,100,162,189,34
29/01/2017,3432,Video,47288,864,1.827,170,62,188,11
28/01/2017,5401,Picture,63881,556,0.87,189,92,87,45
28/01/2017,4114,Video,19355,1083,5.595,151,68,149,42
27/01/2017,2673,Video,62461,1218,1.95,114,160,121,46
27/01/2017,5232,Article,73038,1317,1.803,164,128,97,49
26/01/2017,6103,Video,71439,1022,1.431,134,55,88,32
26/01/2017,6084,Video,41569,1003,2.413,162,145,36,18
25/01/2017,4729,Video,11109,424,3.817,188,174,104,26
25/01/2017,2914,Article,52674,469,0.89,173,194,18,3
24/01/2017,1018,Video,54338,1101,2.026,147,153,124,27
24/01/2017,2943,Article,20319,1385,6.816,172,162,149,39
23/01/2017,5672,Video,44392,1128,2.541,111,85,34,8
23/01/2017,6054,Video,74850,548,0.732,141,126,44,49
23/01/2017,6458,Video,54467,1243,2.282,133,95,10,40
22/01/2017,1087,Video,33990,1384,4.072,176,120,79,10
22/01/2017,6881,Picture,36872,656,1.779,117,184,39,18
22/01/2017,2661,Video,35144,1462,4.16,160,57,179,42
21/01/2017,4968,Article,29101,1338,4.598,125,57,64,8
21/01/2017,6866,Article,61265,1146,1.871,100,90,102,11
21/01/2017,5647,Picture,69098,458,0.663,169,81,153,24
20/01/2017,4566,Article,67908,428,0.63,138,149,49,36
20/01/2017,2525,Video,46247,1488,3.218,127,170,157,35
20/01/2017,3069,Video,24118,649,2.691,113,64,108,13
19/01/2017,4404,Video,27362,1451,5.303,147,78,28,32
19/01/2017,4338,Picture,61134,1191,1.948,107,198,115,7
19/01/2017,1152,Article,50149,1102,2.197,180,134,169,19
18/01/2017,3890,Video,53504,1143,2.136,129,118,177,19
18/01/2017,2253,Picture,24475,1118,4.568,184,187,155,2
18/01/2017,3014,Article,78298,1123,1.434,153,173,162,8
17/01/2017,3993,Article,66435,1209,1.82,139,87,70,4
17/01/2017,1009,Picture,31009,1397,4.505,102,176,84,43
17/01/2017,2970,Video,56292,850,1.51,114,123,143,19
16/01/2017,1751,Article,62334,455,0.73,134,95,17,49
16/01/2017,3253,Picture,44198,676,1.529,168,196,52,5
16/01/2017,2117,Video,56718,841,1.483,100,163,186,17
15/01/2017,4996,Picture,46531,1244,2.673,121,75,27,1
15/01/2017,3802,Video,50337,703,1.397,100,112,174,0
15/01/2017,1406,Picture,77657,1206,1.553,163,135,169,23
14/01/2017,1503,Article,71085,489,0.688,100,133,56,41
14/01/2017,3527,Article,17799,1293,7.264,159,64,151,23
14/01/2017,3086,Article,69224,624,0.901,176,141,140,33
13/01/2017,3063,Picture,74214,1464,1.973,154,57,88,11
13/01/2017,3503,Picture,51239,749,1.462,171,170,17,37
13/01/2017,3143,Video,53312,1212,2.273,137,140,31,48
12/01/2017,2874,Article,33555,891,2.655,146,57,63,4
12/01/2017,5637,Picture,35958,1171,3.257,193,192,116,13
12/01/2017,2997,Article,42226,968,2.292,151,160,187,16
11/01/2017,5098,Article,30361,1102,3.63,183,132,60,39
11/01/2017,6481,Video,26742,1040,3.889,113,153,36,20
11/01/2017,4231,Picture,77931,1227,1.574,145,191,194,34
10/01/2017,1141,Video,11600,1456,12.552,196,50,166,48
10/01/2017,6633,Article,43116,631,1.463,133,96,105,20
10/01/2017,6966,Article,32128,1121,3.489,173,183,68,2
09/01/2017,1202,Article,61520,810,1.317,122,200,172,48
09/01/2017,4244,Article,26868,1284,4.779,179,53,119,19
09/01/2017,5220,Video,17681,484,2.737,164,75,139,3
08/01/2017,1382,Picture,55403,1367,2.467,200,93,143,10
08/01/2017,3315,Video,53778,999,1.858,102,108,29,16
08/01/2017,6348,Article,26421,1196,4.527,143,114,164,24
07/01/2017,4650,Picture,20717,685,3.306,151,106,165,38
07/01/2017,4697,Video,38236,885,2.315,128,72,163,2
07/01/2017,3346,Article,41953,976,2.326,165,138,85,45
06/01/2017,1424,Picture,66217,601,0.908,174,198,173,18
06/01/2017,3949,Video,72220,1067,1.477,184,114,64,29
06/01/2017,5277,Article,59517,406,0.682,166,171,137,15
05/01/2017,6385,Video,27686,793,2.864,166,174,107,9
05/01/2017,5550,Article,44424,610,1.373,138,130,74,4
05/01/2017,2455,Picture,58451,1465,2.506,191,87,16,48
04/01/2017,1027,Article,32258,632,1.959,176,146,138,15
04/01/2017,3755,Article,11882,1021,8.593,145,75,192,22
04/01/2017,2534,Picture,26246,563,2.145,130,140,104,30
03/01/2017,6312,Article,60522,568,0.939,170,143,115,46
03/01/2017,3969,Picture,69114,1439,2.082,106,184,58,47
03/01/2017,4138,Picture,62013,609,0.982,130,78,165,19
02/01/2017,4907,Article,44827,666,1.486,199,83,100,9
02/01/2017,2503,Article,27847,851,3.056,156,137,65,11
02/01/2017,6546,Picture,37816,426,1.127,175,181,30,19
01/01/2017,4088,Article,49111,1140,2.321,167,128,109,9
01/01/2017,4860,Video,11333,875,7.721,110,70,62,20
01/01/2017,6738,Article,61298,557,0.909,126,82,192,32
31/12/2016,3588,Video,37640,826,2.194,157,185,168,2
31/12/2016,2111,Video,60119,1288,2.142,182,101,70,10
31/12/2016,3374,Article,33865,1447,4.273,189,136,190,16
31/12/2016,1941,Video,28638,1007,3.516,188,94,100,2
30/12/2016,4821,Video,27288,1078,3.95,149,189,170,6
30/12/2016,3073,Picture,42210,405,0.959,196,123,180,24
30/12/2016,3574,Picture,12512,1398,11.173,171,156,113,37
30/12/2016,2181,Video,20221,1232,6.093,152,53,170,47
29/12/2016,2715,Video,33368,550,1.648,147,185,18,37
29/12/2016,3052,Picture,69519,542,0.78,148,92,144,49
29/12/2016,1962,Video,54378,1152,2.119,164,157,38,23
29/12/2016,4660,Picture,75541,1379,1.825,131,198,66,25
28/12/2016,5725,Picture,65525,746,1.138,138,53,184,48
28/12/2016,2156,Video,34343,840,2.446,129,79,14,46
28/12/2016,5852,Article,50139,1295,2.583,128,71,146,33
28/12/2016,6548,Video,75710,1129,1.491,174,74,158,8
27/12/2016,3243,Video,47821,431,0.901,181,106,120,13
27/12/2016,5449,Article,77518,1079,1.392,119,89,184,32
27/12/2016,1817,Picture,59196,689,1.164,158,119,137,29
27/12/2016,3695,Video,64992,1497,2.303,102,123,63,42
26/12/2016,1306,Article,23359,683,2.924,142,196,125,13
26/12/2016,4301,Video,71544,1423,1.989,126,105,116,9
26/12/2016,2939,Picture,71596,1234,1.724,159,161,137,33
26/12/2016,6795,Video,50734,1265,2.493,126,175,52,36
25/12/2016,1461,Video,61686,1429,2.317,183,115,35,2
25/12/2016,1591,Video,61310,1355,2.21,156,50,128,47
25/12/2016,1227,Picture,76254,922,1.209,180,107,10,4
25/12/2016,6477,Picture,75708,554,0.732,124,110,104,44
24/12/2016,6691,Picture,24176,999,4.132,198,104,117,38
24/12/2016,5521,Picture,34227,1309,3.824,120,112,139,45
24/12/2016,5183,Picture,74403,1381,1.856,197,150,158,14
24/12/2016,3938,Picture,72576,766,1.055,101,74,68,19
23/12/2016,6825,Article,28809,447,1.552,161,98,35,41
23/12/2016,4616,Video,79855,959,1.201,145,150,121,6
23/12/2016,2577,Article,63101,1166,1.848,186,170,84,20
23/12/2016,3834,Picture,56349,874,1.551,129,166,12,22
22/12/2016,4470,Article,14465,603,4.169,176,150,24,16
22/12/2016,2445,Picture,15618,1336,8.554,106,59,155,10
22/12/2016,3465,Picture,46076,1055,2.29,135,70,46,23
22/12/2016,1039,Article,48848,1194,2.444,106,62,108,39
21/12/2016,1528,Video,43596,1097,2.516,123,55,194,34
21/12/2016,5984,Picture,59350,1350,2.275,146,169,21,43
21/12/2016,5538,Article,10842,678,6.253,140,194,111,35
21/12/2016,5878,Picture,67045,1141,1.702,104,109,48,8
20/12/2016,2731,Video,16721,1227,7.338,101,188,114,41
20/12/2016,2954,Article,39322,1372,3.489,154,185,157,43
20/12/2016,2872,Article,65832,435,0.661,152,168,174,13
20/12/2016,2194,Picture,15107,765,5.064,103,200,117,42
19/12/2016,1524,Picture,11797,1355,11.486,171,142,100,11
19/12/2016,1584,Article,33075,494,1.494,186,193,34,24
19/12/2016,3733,Picture,22853,402,1.759,121,103,129,14
19/12/2016,5677,Picture,42275,1126,2.664,137,186,103,11
18/12/2016,1630,Picture,51349,443,0.863,178,61,12,4
18/12/2016,4953,Article,46762,1099,2.35,153,129,193,42
18/12/2016,1306,Video,23356,789,3.378,125,54,180,5
18/12/2016,4502,Video,41481,857,2.066,113,153,169,35
17/12/2016,2582,Picture,70399,1339,1.902,133,184,95,46
17/12/2016,5915,Article,39008,697,1.787,200,153,167,32
17/12/2016,2946,Article,26839,687,2.56,124,113,76,9
17/12/2016,3777,Video,32936,1007,3.057,156,72,74,26
16/12/2016,2201,Video,69741,1443,2.069,168,108,188,11
16/12/2016,2714,Article,37873,783,2.067,121,83,143,44
16/12/2016,3631,Article,55976,771,1.377,119,67,157,20
16/12/2016,2988,Picture,75187,660,0.878,130,173,162,50
15/12/2016,5873,Picture,76022,469,0.617,140,56,95,23
15/12/2016,1902,Picture,45515,1419,3.118,102,199,86,41
15/12/2016,1318,Article,74707,1424,1.906,166,85,14,26
15/12/2016,2921,Picture,59081,405,0.685,167,80,64,11
14/12/2016,3078,Picture,25420,465,1.829,152,129,12,0
14/12/2016,3998,Article,15177,873,5.752,166,93,150,7
14/12/2016,3867,Video,38487,499,1.297,176,59,199,39
14/12/2016,4456,Video,15497,1451,9.363,179,90,138,31
13/12/2016,2590,Article,20912,918,4.39,123,149,154,18
13/12/2016,2620,Article,21853,859,3.931,130,147,108,47
13/12/2016,3755,Video,21171,715,3.377,180,195,71,2
13/12/2016,5496,Picture,50721,967,1.907,194,167,22,3
12/12/2016,2508,Article,60429,1191,1.971,194,174,65,48
12/12/2016,3775,Video,29333,724,2.468,131,61,47,14
12/12/2016,1321,Picture,32707,874,2.672,110,102,148,10
12/12/2016,5892,Picture,71623,578,0.807,100,123,164,20
11/12/2016,3127,Article,76680,740,0.965,153,165,162,7
11/12/2016,6843,Article,26057,845,3.243,196,64,168,12
11/12/2016,4038,Picture,31727,1325,4.176,189,83,75,42
11/12/2016,6235,Video,74322,1070,1.44,199,169,187,10
10/12/2016,2426,Picture,72256,1086,1.503,193,76,137,8
10/12/2016,6050,Article,33796,1183,3.5,192,104,74,10
10/12/2016,4511,Picture,52444,886,1.689,117,118,94,9
10/12/2016,5543,Picture,26942,916,3.4,129,89,78,29
09/12/2016,1633,Picture,39755,1365,3.434,134,175,120,12
09/12/2016,6890,Picture,62566,417,0.666,142,59,23,41
09/12/2016,5073,Picture,63730,471,0.739,123,194,125,11
09/12/2016,5705,Video,43016,631,1.467,180,92,45,36
09/12/2016,3599,Picture,43245,987,2.282,164,99,32,19
08/12/2016,4942,Video,56821,920,1.619,167,127,64,34
08/12/2016,4328,Picture,30218,647,2.141,194,159,154,38
08/12/2016,4713,Picture,73112,1003,1.372,180,134,152,0
08/12/2016,3464,Article,28895,857,2.966,191,126,122,43
08/12/2016,6363,Video,37147,1253,3.373,182,173,175,13
07/12/2016,1492,Article,35446,634,1.789,167,153,157,4
07/12/2016,1532,Picture,19189,1318,6.869,197,136,43,3
07/12/2016,2493,Picture,78418,857,1.093,150,196,129,2
07/12/2016,4615,Picture,47437,1400,2.951,127,121,96,0
07/12/2016,6677,Picture,41204,799,1.939,112,190,152,46
06/12/2016,2262,Video,23340,784,3.359,175,79,66,6
06/12/2016,5769,Picture,36352,669,1.84,100,147,120,27
06/12/2016,2919,Video,28284,1402,4.957,150,72,69,32
06/12/2016,3724,Video,67348,664,0.986,157,170,154,13
06/12/2016,4725,Article,44252,786,1.776,121,50,79,23
05/12/2016,3753,Video,37320,954,2.556,137,63,197,4
05/12/2016,1222,Article,33696,950,2.819,136,139,157,28
05/12/2016,3924,Picture,12152,821,6.756,162,123,25,1
05/12/2016,3622,Article,68889,574,0.833,118,162,107,20
05/12/2016,3391,Article,34126,402,1.178,126,73,75,41
04/12/2016,3874,Picture,27128,1129,4.162,175,71,31,42
04/12/2016,2259,Article,59547,544,0.914,137,122,60,17
04/12/2016,6676,Picture,65554,861,1.313,145,158,88,15
04/12/2016,6869,Picture,77362,1104,1.427,179,188,31,24
04/12/2016,3798,Video,44851,1223,2.727,176,141,83,15
03/12/2016,5035,Video,21354,1451,6.795,184,113,92,22
03/12/2016,3365,Video,79883,594,0.744,140,82,138,18
03/12/2016,3009,Article,26898,605,2.249,152,56,55,27
03/12/2016,2351,Article,32089,1087,3.387,116,102,98,10
03/12/2016,4985,Article,75333,1421,1.886,133,179,150,47
02/12/2016,3910,Article,73339,952,1.298,199,155,191,32
02/12/2016,4726,Article,76887,459,0.597,122,148,77,2
02/12/2016,5842,Video,30745,746,2.426,146,67,158,45
02/12/2016,4521,Picture,25593,921,3.599,132,116,88,26
02/12/2016,5581,Video,45085,736,1.632,174,166,170,36
01/12/2016,1605,Video,72783,931,1.279,192,128,75,2
01/12/2016,3377,Article,10809,425,3.932,169,106,77,26
01/12/2016,6391,Article,69079,585,0.847,183,66,58,38
01/12/2016,4293,Video,11989,626,5.221,194,58,192,0
01/12/2016,5997,Picture,55413,1385,2.499,134,155,66,10
30/11/2016,5019,Picture,68623,578,0.842,188,168,195,16
30/11/2016,3911,Picture,33341,1240,3.719,195,84,189,4
30/11/2016,4535,Article,62200,1389,2.233,106,119,20,33
30/11/2016,3508,Article,76687,671,0.875,118,109,54,31
29/11/2016,2896,Article,44566,1265,2.838,199,117,43,29
29/11/2016,3816,Picture,30213,1018,3.369,102,161,21,28
29/11/2016,4961,Article,67953,917,1.349,173,126,135,26
29/11/2016,6043,Video,53837,1396,2.593,148,158,11,38
28/11/2016,5680,Video,20792,1356,6.522,171,170,60,20
28/11/2016,2379,Article,48137,734,1.525,176,109,56,9
28/11/2016,2271,Video,19448,834,4.288,128,109,77,11
28/11/2016,6524,Video,45489,841,1.849,124,96,120,50
27/11/2016,3499,Picture,51347,437,0.851,160,96,64,41
27/11/2016,4101,Video,34134,705,2.065,113,84,27,2
27/11/2016,4026,Picture,79001,827,1.047,137,138,133,28
27/11/2016,5926,Picture,17575,919,5.229,196,155,22,11
26/11/2016,6298,Video,61180,842,1.376,119,96,72,47
26/11/2016,6996,Picture,23172,889,3.837,130,77,160,28
26/11/2016,2420,Video,73241,839,1.146,169,195,130,2
26/11/2016,2324,Picture,25461,1270,4.988,125,66,126,38
25/11/2016,2210,Article,17834,484,2.714,113,83,52,40
25/11/2016,5067,Article,32504,1476,4.541,182,191,117,15
25/11/2016,5964,Picture,48980,885,1.807,120,174,30,45
25/11/2016,4893,Picture,43591,441,1.012,136,172,123,4
24/11/2016,4359,Picture,32358,943,2.914,154,153,174,43
24/11/2016,2220,Video,69917,1313,1.878,199,83,181,37
24/11/2016,6488,Picture,76141,691,0.908,121,166,54,26
24/11/2016,1169,Picture,63061,708,1.123,144,140,79,25
23/11/2016,3676,Article,73602,935,1.27,119,152,103,2
23/11/2016,1493,Article,37946,479,1.262,124,176,74,6
23/11/2016,1597,Article,51083,833,1.631,149,112,10,11
23/11/2016,5370,Article,49832,640,1.284,105,50,111,37
22/11/2016,5238,Article,73089,709,0.97,185,169,162,34
22/11/2016,6878,Picture,63552,1209,1.902,164,139,185,41
22/11/2016,6819,Article,34517,529,1.533,152,96,55,28
22/11/2016,5781,Picture,77224,1413,1.83,179,82,98,24
21/11/2016,6760,Video,58453,1363,2.332,167,134,73,15
21/11/2016,6089,Video,61922,695,1.122,140,182,140,4
21/11/2016,5683,Video,38606,1479,3.831,181,60,101,18
21/11/2016,4353,Article,64559,1352,2.094,140,60,135,17
20/11/2016,1208,Picture,40738,1255,3.081,191,177,128,30
20/11/2016,3912,Article,20279,1150,5.671,196,91,173,4
20/11/2016,1449,Article,26846,1288,4.798,147,191,159,0
20/11/2016,3785,Video,54752,1449,2.646,104,148,72,6
19/11/2016,1752,Picture,41319,1118,2.706,117,170,30,35
19/11/2016,3794,Video,44514,528,1.186,127,87,60,3
19/11/2016,4758,Video,18978,617,3.251,173,126,120,31
19/11/2016,4451,Picture,63680,410,0.644,197,75,47,38
18/11/2016,3044,Article,19204,876,4.562,146,61,132,50
18/11/2016,1048,Picture,54704,497,0.909,167,116,200,22
18/11/2016,6954,Picture,52736,1213,2.3,139,155,160,7
18/11/2016,4823,Article,23868,1485,6.222,146,134,126,45
17/11/2016,4219,Article,61608,817,1.326,122,178,101,47
17/11/2016,4326,Video,76520,1390,1.817,127,142,110,22
17/11/2016,2788,Article,76272,736,0.965,175,103,13,1
17/11/2016,4045,Article,62458,1087,1.74,166,170,166,20
16/11/2016,3665,Picture,73812,874,1.184,167,143,16,39
16/11/2016,5974,Article,28688,582,2.029,124,82,33,8
16/11/2016,4504,Video,78822,1152,1.462,163,161,140,39
16/11/2016,5714,Article,49160,1410,2.868,126,71,186,12
15/11/2016,4604,Picture,17736,970,5.469,152,129,192,39
15/11/2016,3677,Video,16572,1251,7.549,162,80,53,2
15/11/2016,2808,Article,26658,1155,4.333,163,65,26,25
15/11/2016,3597,Article,35385,721,2.038,100,138,15,31
14/11/2016,2393,Picture,20935,1486,7.098,152,200,172,46
14/11/2016,4107,Video,69882,1432,2.049,149,194,48,1
14/11/2016,5540,Article,58733,820,1.396,112,93,123,20
14/11/2016,2849,Picture,18250,1244,6.816,148,135,140,9
13/11/2016,1009,Article,29621,436,1.472,152,168,24,16
13/11/2016,1647,Picture,29182,1349,4.623,179,192,24,32
13/11/2016,1633,Article,42637,1200,2.814,105,200,28,28
13/11/2016,2544,Article,17321,997,5.756,198,150,109,13
12/11/2016,1348,Picture,33061,1089,3.294,191,76,196,48
12/11/2016,6599,Picture,48059,531,1.105,118,91,125,50
12/11/2016,1886,Video,26853,1165,4.338,153,165,167,29
12/11/2016,5564,Article,50202,797,1.588,105,123,137,9
11/11/2016,4134,Picture,14284,1176,8.233,156,112,151,47
11/11/2016,3874,Video,67084,730,1.088,180,79,81,1
11/11/2016,1460,Video,64722,1305,2.016,142,138,81,3
11/11/2016,5380,Article,15502,590,3.806,177,119,183,15
11/11/2016,2922,Picture,57271,544,0.95,120,73,188,45
10/11/2016,3645,Picture,22189,716,3.227,192,137,197,7
10/11/2016,6902,Article,15535,1242,7.995,116,149,48,7
10/11/2016,1386,Video,63274,1441,2.277,141,193,128,42
10/11/2016,3303,Picture,52165,594,1.139,156,85,61,13
10/11/2016,2612,Video,61283,1475,2.407,114,152,137,38
09/11/2016,1446,Article,77122,1439,1.866,197,191,190,19
09/11/2016,4478,Article,62353,482,0.773,185,190,45,19
09/11/2016,2497,Article,58158,940,1.616,177,181,148,48
09/11/2016,2969,Video,14468,1176,8.128,105,63,61,13
09/11/2016,2126,Article,13734,1180,8.592,119,87,48,30
08/11/2016,4053,Picture,29851,784,2.626,121,175,123,48
08/11/2016,2021,Video,38956,634,1.627,177,169,79,33
08/11/2016,5410,Article,21850,401,1.835,143,113,73,27
08/11/2016,1220,Video,55294,1322,2.391,189,146,156,50
08/11/2016,5727,Video,56746,603,1.063,141,91,75,3
07/11/2016,1457,Video,32418,1056,3.257,122,121,54,27
07/11/2016,4099,Video,76208,1092,1.433,154,109,68,1
07/11/2016,6163,Picture,27873,1408,5.051,138,123,147,46
07/11/2016,5814,Article,24905,1268,5.091,176,135,146,41
07/11/2016,1178,Article,74930,1320,1.762,186,159,110,25
06/11/2016,6925,Video,49027,521,1.063,154,105,179,29
06/11/2016,4303,Video,43901,900,2.05,166,75,99,27
06/11/2016,2322,Article,47512,639,1.345,176,141,53,28
06/11/2016,1042,Article,49053,1494,3.046,120,73,106,13
06/11/2016,3412,Video,41413,1056,2.55,198,196,183,24
05/11/2016,1210,Picture,39536,858,2.17,147,151,85,21
05/11/2016,6381,Picture,24712,1347,5.451,138,123,161,17
05/11/2016,1843,Video,38563,913,2.368,184,95,157,20
05/11/2016,6642,Article,45199,1265,2.799,195,51,91,36
05/11/2016,2405,Picture,69448,1221,1.758,125,193,49,41
04/11/2016,1423,Article,71778,579,0.807,112,52,164,49
04/11/2016,4074,Video,55947,599,1.071,192,126,136,48
04/11/2016,1093,Picture,39222,1191,3.037,103,179,139,22
04/11/2016,4245,Article,25364,1481,5.839,136,142,92,11
04/11/2016,5549,Picture,61859,561,0.907,108,52,164,28
03/11/2016,6474,Article,51276,547,1.067,197,55,36,10
03/11/2016,3058,Article,28828,766,2.657,110,146,131,7
03/11/2016,2765,Article,50592,980,1.937,121,64,81,2
03/11/2016,4938,Article,68376,1367,1.999,196,119,188,10
03/11/2016,5467,Video,65638,1365,2.08,125,123,36,20
02/11/2016,1454,Article,19621,954,4.862,171,79,63,43
02/11/2016,1152,Article,51311,893,1.74,140,112,127,49
02/11/2016,4154,Article,74169,1305,1.759,101,183,69,33
02/11/2016,6227,Video,46365,448,0.966,197,76,14,5
02/11/2016,5352,Picture,10525,1115,10.594,102,109,124,0
01/11/2016,4228,Video,52956,1296,2.447,183,146,109,49
01/11/2016,4506,Article,23002,1116,4.852,102,60,175,30
01/11/2016,2859,Article,38118,591,1.55,126,75,162,3
01/11/2016,2901,Picture,67591,467,0.691,198,191,32,8
01/11/2016,3194,Article,54144,628,1.16,124,109,189,42
31/10/2016,1542,Article,13290,948,7.133,190,134,179,14
31/10/2016,4318,Article,76266,1352,1.773,128,125,159,18
31/10/2016,6577,Video,17711,1017,5.742,127,92,173,1
31/10/2016,3989,Article,39176,1474,3.763,127,112,159,23
30/10/2016,4716,Article,53561,1418,2.647,162,107,109,25
30/10/2016,4926,Article,46984,844,1.796,159,119,185,4
30/10/2016,5568,Video,23093,1040,4.504,133,149,160,6
30/10/2016,1775,Video,69066,466,0.675,108,52,137,13
29/10/2016,6459,Video,22111,731,3.306,130,99,17,20
29/10/2016,6425,Picture,51386,400,0.778,168,82,108,40
29/10/2016,6893,Article,42255,1249,2.956,169,161,49,41
29/10/2016,5018,Article,34364,814,2.369,113,104,58,50
28/10/2016,2428,Article,29510,552,1.871,137,104,96,44
28/10/2016,4189,Video,18562,1172,6.314,106,96,79,34
28/10/2016,4358,Picture,51600,909,1.762,140,70,37,41
28/10/2016,6668,Video,30212,497,1.645,174,196,132,2
27/10/2016,5331,Picture,54018,934,1.729,187,112,124,50
27/10/2016,4050,Video,66100,1120,1.694,160,197,185,13
27/10/2016,1374,Article,74730,474,0.634,163,145,84,0
27/10/2016,3461,Video,51603,955,1.851,125,76,165,39
26/10/2016,5298,Picture,46120,1388,3.01,100,84,92,44
26/10/2016,5062,Article,12257,1425,11.626,151,117,29,12
26/10/2016,5421,Video,66208,1257,1.899,100,76,163,5
26/10/2016,3248,Picture,32514,727,2.236,109,105,138,39
25/10/2016,6925,Video,31026,979,3.155,150,74,142,24
25/10/2016,5598,Picture,33219,804,2.42,195,144,189,28
25/10/2016,4580,Article,28895,1441,4.987,128,145,68,20
25/10/2016,4509,Article,63586,1409,2.216,158,135,35,24
24/10/2016,2491,Article,23858,750,3.144,113,64,185,16
24/10/2016,3724,Article,79418,769,0.968,193,132,140,25
24/10/2016,1287,Article,51922,1467,2.825,115,157,66,39
24/10/2016,1352,Article,74531,419,0.562,116,167,131,38
23/10/2016,5534,Video,14044,803,5.718,159,84,160,37
23/10/2016,2433,Article,29660,1243,4.191,161,188,115,38
23/10/2016,6993,Video,46945,1252,2.667,136,151,37,25
23/10/2016,5205,Video,22559,1211,5.368,121,103,28,23
22/10/2016,3596,Article,56346,432,0.767,122,59,109,42
22/10/2016,6831,Picture,30254,766,2.532,122,191,128,30
22/10/2016,1101,Picture,64547,488,0.756,182,168,55,10
22/10/2016,1229,Picture,23980,1492,6.222,115,89,63,43
21/10/2016,5222,Video,60519,648,1.071,115,72,150,11
21/10/2016,5433,Picture,11627,613,5.272,170,108,67,4
21/10/2016,2013,Article,78853,1392,1.765,177,140,178,49
21/10/2016,2439,Video,41349,888,2.148,190,59,81,10
20/10/2016,2216,Article,20440,595,2.911,124,59,174,39
20/10/2016,5446,Article,58090,634,1.091,148,84,169,10
20/10/2016,6562,Article,54377,1494,2.747,102,70,42,19
20/10/2016,1622,Video,53264,1141,2.142,196,186,190,16
20/10/2016,3335,Article,78792,811,1.029,163,190,108,2
19/10/2016,3647,Article,57298,512,0.894,112,73,54,26
19/10/2016,3485,Video,21287,803,3.772,133,183,82,29
19/10/2016,1974,Picture,76294,1247,1.634,187,77,75,30
19/10/2016,3445,Article,77926,968,1.242,164,190,138,21
19/10/2016,3202,Picture,54011,1368,2.533,132,112,55,15
18/10/2016,3574,Picture,27632,1333,4.824,195,161,118,48
18/10/2016,4200,Video,32325,1075,3.326,142,138,11,19
18/10/2016,1568,Video,27680,635,2.294,161,86,17,17
18/10/2016,5524,Video,30003,1186,3.953,192,123,181,30
18/10/2016,5211,Video,75547,1447,1.915,130,175,64,30
17/10/2016,1032,Picture,43042,809,1.88,107,178,190,39
17/10/2016,3031,Video,25709,510,1.984,158,100,31,16
17/10/2016,1059,Article,45510,1318,2.896,135,119,172,28
17/10/2016,2660,Picture,47454,837,1.764,155,195,22,21
17/10/2016,2521,Article,78641,543,0.69,134,86,24,1
16/10/2016,6043,Picture,54124,632,1.168,161,59,69,36
16/10/2016,1120,Video,62967,832,1.321,107,95,74,31
16/10/2016,1981,Picture,59941,1183,1.974,190,92,34,32
16/10/2016,5708,Article,75966,707,0.931,152,106,19,11
16/10/2016,2221,Article,71045,606,0.853,103,95,145,14
15/10/2016,1617,Picture,36598,980,2.678,119,191,113,41
15/10/2016,5538,Video,56878,944,1.66,185,197,68,30
15/10/2016,5198,Article,14066,551,3.917,182,86,166,20
15/10/2016,2707,Article,34154,1359,3.979,149,134,16,24
15/10/2016,1888,Video,32315,1210,3.744,169,135,29,7
14/10/2016,6837,Article,28336,746,2.633,144,83,135,0
14/10/2016,6372,Video,68570,1282,1.87,192,166,63,4
14/10/2016,1555,Article,71543,1257,1.757,188,173,75,3
14/10/2016,1953,Picture,10890,461,4.233,135,97,28,41
14/10/2016,4531,Picture,16658,523,3.14,146,190,144,5
13/10/2016,2133,Video,59608,1261,2.115,145,175,51,19
13/10/2016,3807,Picture,40920,1137,2.779,164,159,147,19
13/10/2016,4658,Article,45316,546,1.205,173,102,70,13
13/10/2016,2808,Video,57848,1181,2.042,103,145,111,48
13/10/2016,1822,Video,64428,1447,2.246,106,97,87,8
12/10/2016,1703,Picture,61401,500,0.814,102,99,61,25
12/10/2016,6575,Video,37817,909,2.404,133,141,87,1
12/10/2016,1228,Article,11572,829,7.164,152,105,159,1
12/10/2016,4091,Video,28703,1284,4.473,181,145,148,28
12/10/2016,4409,Article,67819,1410,2.079,156,165,56,15
11/10/2016,3335,Video,79883,924,1.157,156,153,11,5
11/10/2016,1099,Picture,67947,1054,1.551,116,190,41,25
11/10/2016,4080,Picture,60446,831,1.375,184,114,77,5
11/10/2016,3214,Video,46584,723,1.552,114,83,164,44
11/10/2016,5918,Article,71488,1132,1.583,140,121,28,17
10/10/2016,2732,Video,11937,873,7.313,127,59,109,2
10/10/2016,2265,Video,71058,456,0.642,181,153,51,21
10/10/2016,6292,Video,29709,1285,4.325,151,70,96,8
10/10/2016,6135,Video,10368,872,8.41,183,66,166,31
10/10/2016,1561,Video,41483,470,1.133,126,111,111,49
09/10/2016,3328,Video,27270,1032,3.784,180,190,169,24
09/10/2016,6798,Video,23327,701,3.005,134,175,121,30
09/10/2016,1715,Article,51472,1064,2.067,191,155,97,42
09/10/2016,6833,Article,43793,1314,3,149,182,49,50
09/10/2016,1835,Picture,11235,859,7.646,111,69,106,38
08/10/2016,2717,Article,18932,928,4.902,104,153,127,0
08/10/2016,1107,Article,36714,932,2.539,187,200,149,45
08/10/2016,1428,Picture,23039,631,2.739,173,168,198,9
08/10/2016,5991,Picture,27376,875,3.196,174,137,13,33
08/10/2016,3202,Picture,78972,1173,1.485,167,128,67,28
07/10/2016,6258,Article,58001,570,0.983,198,173,31,15
07/10/2016,3775,Video,69619,901,1.294,118,118,98,39
07/10/2016,1853,Article,46778,475,1.015,134,56,81,10
07/10/2016,1930,Picture,38121,651,1.708,129,142,155,45
07/10/2016,6623,Article,71352,956,1.34,100,186,36,12
06/10/2016,3950,Article,21420,963,4.496,158,184,76,10
06/10/2016,3766,Article,29103,1001,3.44,199,120,33,45
06/10/2016,2261,Video,51307,1018,1.984,102,112,171,15
06/10/2016,4558,Video,22558,412,1.826,162,90,161,19
06/10/2016,5011,Article,55081,565,1.026,155,116,112,47
05/10/2016,1751,Video,18598,1175,6.318,138,194,139,40
05/10/2016,6081,Picture,61966,1047,1.69,191,83,65,29
05/10/2016,4789,Video,32753,710,2.168,126,107,150,36
05/10/2016,1231,Video,40351,425,1.053,118,173,155,28
05/10/2016,4791,Article,18988,567,2.986,200,81,48,1
04/10/2016,5926,Video,69747,1103,1.581,166,100,197,3
04/10/2016,1197,Video,51765,1412,2.728,176,132,56,46
04/10/2016,5231,Picture,57969,416,0.718,123,190,36,31
04/10/2016,6282,Video,35445,1206,3.402,168,138,12,18
04/10/2016,5874,Picture,52009,1376,2.646,160,166,84,0
03/10/2016,1910,Video,32324,1126,3.483,154,116,24,41
03/10/2016,2157,Article,51632,740,1.433,118,152,63,16
03/10/2016,4150,Article,71933,1295,1.8,167,138,60,32
03/10/2016,2490,Article,51467,447,0.869,141,86,176,21
03/10/2016,4573,Picture,77712,639,0.822,162,173,182,29
02/10/2016,4215,Article,37852,545,1.44,126,52,111,36
02/10/2016,6355,Picture,44228,1296,2.93,175,54,30,37
02/10/2016,1276,Video,52386,1449,2.766,173,94,29,23
02/10/2016,1647,Article,46978,404,0.86,110,166,96,36
02/10/2016,1998,Video,55180,1166,2.113,192,191,78,45
01/10/2016,3677,Picture,49761,880,1.768,195,134,33,22
01/10/2016,6324,Video,66154,1240,1.874,196,175,155,16
01/10/2016,3707,Article,35154,625,1.778,195,141,159,40
01/10/2016,6655,Article,32261,627,1.944,126,54,175,12
01/10/2016,4324,Picture,43904,1456,3.316,132,108,53,13
30/09/2016,4849,Picture,39764,461,1.159,147,84,71,49
30/09/2016,5300,Video,62228,934,1.501,156,107,178,13
30/09/2016,1153,Video,53569,1329,2.481,196,88,82,14
30/09/2016,5848,Article,41314,414,1.002,159,84,55,4
29/09/2016,2315,Picture,39756,1233,3.101,109,185,111,30
29/09/2016,5688,Article,29394,722,2.456,182,65,132,48
29/09/2016,2703,Article,26603,675,2.537,190,164,121,49
29/09/2016,6355,Article,55438,815,1.47,102,100,29,7
28/09/2016,3827,Video,70877,627,0.885,157,116,166,22
28/09/2016,4684,Article,78391,1405,1.792,165,92,58,27
28/09/2016,3092,Picture,11976,998,8.333,182,174,158,12
28/09/2016,2610,Article,36384,1167,3.207,150,59,96,11
27/09/2016,3254,Picture,73206,1317,1.799,134,116,160,18
27/09/2016,2324,Picture,73028,542,0.742,152,70,14,3
27/09/2016,3578,Picture,50662,594,1.172,119,102,150,42
27/09/2016,5744,Video,50803,486,0.957,145,65,127,42
26/09/2016,4199,Video,51538,534,1.036,199,180,91,8
26/09/2016,6932,Article,16983,944,5.558,132,193,151,4
26/09/2016,1076,Video,56853,747,1.314,114,186,179,32
26/09/2016,3467,Article,28501,649,2.277,149,179,79,24
25/09/2016,3108,Picture,56033,518,0.924,123,108,49,36
25/09/2016,5513,Picture,17618,1049,5.954,111,199,56,6
25/09/2016,3603,Article,35428,1455,4.107,192,141,36,40
25/09/2016,4274,Video,78323,1005,1.283,159,78,124,26
24/09/2016,3847,Article,29737,1445,4.859,185,107,48,19
24/09/2016,5854,Article,67132,605,0.901,180,162,111,16
24/09/2016,5040,Article,71698,1266,1.766,148,180,132,1
24/09/2016,4532,Video,59501,903,1.518,103,120,182,1
23/09/2016,2148,Article,44161,1498,3.392,120,193,197,39
23/09/2016,6121,Picture,77871,1237,1.589,147,165,33,22
23/09/2016,1232,Video,49951,458,0.917,106,165,39,1
23/09/2016,6821,Picture,73565,1135,1.543,178,111,30,18
22/09/2016,3621,Picture,43252,1226,2.835,120,174,156,9
22/09/2016,2148,Picture,10484,609,5.809,183,194,103,43
22/09/2016,1893,Picture,40462,770,1.903,101,89,111,6
22/09/2016,3872,Video,20195,646,3.199,119,196,80,22
21/09/2016,5908,Video,24176,1058,4.376,128,180,45,14
21/09/2016,4822,Video,33963,932,2.744,116,142,191,23
21/09/2016,2994,Picture,55658,1107,1.989,147,149,114,2
21/09/2016,1492,Article,41015,1122,2.736,121,155,93,0
20/09/2016,4159,Video,40415,854,2.113,155,63,120,0
20/09/2016,2307,Video,15145,1157,7.639,188,143,93,35
20/09/2016,6434,Article,25859,483,1.868,135,76,141,18
20/09/2016,3270,Video,38449,751,1.953,144,160,42,16
19/09/2016,6821,Article,27287,1493,5.471,196,85,11,20
19/09/2016,6368,Video,31356,898,2.864,139,147,50,35
19/09/2016,5640,Picture,49960,498,0.997,104,140,86,15
19/09/2016,4470,Picture,15813,947,5.989,173,118,41,46
18/09/2016,3751,Article,46257,420,0.908,199,80,96,21
18/09/2016,3241,Article,57461,1080,1.88,104,160,103,14
18/09/2016,1581,Picture,56137,775,1.381,141,93,133,19
18/09/2016,1282,Video,62604,1410,2.252,168,85,198,3
17/09/2016,1563,Picture,32417,995,3.069,156,186,65,49
17/09/2016,4268,Video,33169,952,2.87,152,134,33,36
17/09/2016,2492,Video,22864,492,2.152,127,81,95,27
17/09/2016,6659,Article,43903,517,1.178,145,143,139,8
16/09/2016,2577,Article,13904,1009,7.257,162,148,119,39
16/09/2016,1554,Video,54681,1007,1.842,135,58,83,10
16/09/2016,2545,Article,41784,1426,3.413,175,64,189,31
16/09/2016,2686,Picture,72794,1040,1.429,108,112,13,5
15/09/2016,5905,Video,20203,1037,5.133,172,105,153,41
15/09/2016,1756,Picture,52361,1422,2.716,103,112,193,3
15/09/2016,5013,Video,29370,501,1.706,110,61,16,20
15/09/2016,2193,Video,50770,993,1.956,134,121,141,47
14/09/2016,3844,Video,60894,889,1.46,131,173,168,30
14/09/2016,2827,Picture,54385,693,1.274,186,143,96,32
14/09/2016,1840,Video,61582,1488,2.416,158,197,66,26
14/09/2016,5023,Article,45465,1377,3.029,107,155,55,24
13/09/2016,6477,Picture,30084,776,2.579,151,167,82,25
13/09/2016,6426,Video,71507,1349,1.887,153,105,25,15
13/09/2016,1660,Picture,19826,1280,6.456,118,121,190,28
13/09/2016,3698,Article,24432,830,3.397,133,95,41,18
12/09/2016,2993,Picture,11738,1044,8.894,157,53,155,16
12/09/2016,1186,Video,18534,1039,5.606,170,59,122,12
12/09/2016,1129,Video,34538,870,2.519,156,83,24,6
12/09/2016,3179,Picture,29572,1202,4.065,190,121,48,18
11/09/2016,5653,Picture,30324,1098,3.621,177,54,135,2
11/09/2016,2552,Article,46929,1171,2.495,122,72,18,8
11/09/2016,5018,Video,67010,1230,1.836,148,61,14,13
11/09/2016,6363,Article,20799,816,3.923,168,116,51,33
10/09/2016,5223,Picture,75823,850,1.121,166,50,124,9
10/09/2016,4972,Picture,19063,586,3.074,128,85,79,22
10/09/2016,3496,Picture,74619,684,0.917,160,78,107,35
10/09/2016,4668,Picture,67314,1152,1.711,178,173,182,43
09/09/2016,2780,Video,78284,478,0.611,122,73,193,10
09/09/2016,5530,Picture,64333,999,1.553,200,72,84,13
09/09/2016,4418,Picture,54677,822,1.503,134,62,98,3
09/09/2016,6393,Article,66713,635,0.952,122,178,111,3
08/09/2016,4162,Video,33157,1107,3.339,165,92,105,42
08/09/2016,1810,Video,29597,1181,3.99,176,54,15,38
08/09/2016,4282,Picture,70691,1245,1.761,160,163,130,24
08/09/2016,2135,Video,25744,821,3.189,169,107,193,7
07/09/2016,2935,Picture,46769,562,1.202,106,166,19,16
07/09/2016,6285,Picture,59029,727,1.232,119,98,148,23
07/09/2016,6519,Picture,73656,486,0.66,157,65,185,7
07/09/2016,2643,Video,50333,1463,2.907,179,53,108,44
06/09/2016,1519,Picture,37651,1086,2.884,122,88,46,34
06/09/2016,6332,Video,11590,1485,12.813,140,132,156,8
06/09/2016,5765,Picture,62590,892,1.425,186,77,83,18
06/09/2016,1329,Picture,67592,821,1.215,197,155,20,46
05/09/2016,6710,Video,71829,1039,1.446,196,117,160,15
05/09/2016,1967,Video,61453,695,1.131,183,105,150,14
05/09/2016,4436,Picture,49612,409,0.824,169,107,19,6
05/09/2016,3647,Article,13180,1008,7.648,143,93,181,31
05/09/2016,5245,Article,19168,802,4.184,170,72,96,16
04/09/2016,4337,Article,58308,496,0.851,189,113,140,5
04/09/2016,4037,Article,31406,1370,4.362,186,88,21,31
04/09/2016,4387,Video,19385,1097,5.659,165,173,177,26
04/09/2016,4953,Article,59482,1078,1.812,143,55,186,42
04/09/2016,3927,Picture,35394,1357,3.834,173,158,169,25
03/09/2016,2243,Article,11539,1174,10.174,126,110,192,9
03/09/2016,6113,Picture,68541,943,1.376,148,145,196,16
03/09/2016,6421,Video,18700,1415,7.567,159,121,171,14
03/09/2016,1111,Article,14089,625,4.436,100,163,160,32
03/09/2016,4113,Article,55245,568,1.028,170,83,68,27
02/09/2016,5176,Video,48609,1048,2.156,161,68,150,25
02/09/2016,6300,Article,34232,614,1.794,129,158,140,45
02/09/2016,2835,Article,61334,1486,2.423,179,83,177,10
02/09/2016,2366,Video,71684,868,1.211,199,144,51,27
02/09/2016,6328,Article,70865,479,0.676,155,98,56,48
01/09/2016,6827,Article,70069,1376,1.964,120,116,159,47
01/09/2016,2214,Article,63831,975,1.527,173,199,188,23
01/09/2016,5669,Picture,70967,896,1.263,138,85,192,23
01/09/2016,2252,Picture,59369,408,0.687,156,77,53,13
01/09/2016,4528,Picture,41308,680,1.646,192,180,116,26
31/08/2016,5566,Video,71269,1138,1.597,152,71,15,30
31/08/2016,4212,Picture,53441,1242,2.324,165,83,143,9
30/08/2016,1639,Picture,64410,1375,2.135,181,60,12,45
30/08/2016,3691,Picture,41389,621,1.5,194,185,51,16
29/08/2016,3631,Article,39104,1009,2.58,137,75,68,17
29/08/2016,4040,Article,34742,1086,3.126,137,124,132,16
28/08/2016,6791,Picture,49195,1455,2.958,147,137,92,25
28/08/2016,6191,Article,49398,1465,2.966,167,101,194,21
27/08/2016,6720,Picture,18905,1071,5.665,167,104,101,11
27/08/2016,2194,Picture,32242,1289,3.998,133,96,149,1
26/08/2016,5845,Video,25523,1240,4.858,192,155,56,16
26/08/2016,3816,Video,53845,579,1.075,177,71,96,23
25/08/2016,3912,Picture,79042,1316,1.665,139,118,16,49
25/08/2016,4799,Article,67311,431,0.64,130,52,103,34
24/08/2016,3188,Video,29832,1121,3.758,185,56,34,23
24/08/2016,6421,Video,42437,1014,2.389,146,170,60,30
23/08/2016,4378,Video,34805,1080,3.103,103,187,170,34
23/08/2016,5757,Video,59439,1411,2.374,124,192,38,20
22/08/2016,2821,Article,31108,1263,4.06,110,121,191,5
22/08/2016,3601,Article,66941,1035,1.546,185,119,64,10
21/08/2016,6175,Picture,14591,1339,9.177,121,105,159,40
21/08/2016,3346,Video,52706,520,0.987,168,149,77,29
20/08/2016,1567,Video,25372,1022,4.028,165,171,38,48
20/08/2016,5771,Picture,38087,415,1.09,176,82,88,10
19/08/2016,3110,Article,47354,691,1.459,161,53,112,29
19/08/2016,5009,Picture,43286,734,1.696,124,89,86,33
18/08/2016,3870,Picture,70188,1316,1.875,106,50,177,40
18/08/2016,5858,Video,27584,1384,5.017,167,114,81,43
17/08/2016,6983,Article,20741,1082,5.217,172,167,36,5
17/08/2016,4804,Video,16197,484,2.988,170,82,196,6
16/08/2016,4607,Article,77739,493,0.634,133,101,95,1
16/08/2016,6760,Article,16847,812,4.82,171,103,129,35
15/08/2016,4030,Picture,26933,925,3.434,170,57,107,29
15/08/2016,4791,Article,33775,1113,3.295,183,191,159,20
14/08/2016,2975,Article,74620,680,0.911,135,132,144,16
14/08/2016,4807,Video,46352,1456,3.141,172,160,125,1
13/08/2016,1920,Video,38662,1170,3.026,200,77,106,27
13/08/2016,6954,Video,69746,1029,1.475,196,101,115,19
12/08/2016,4928,Article,13442,1055,7.849,195,166,188,48
12/08/2016,2516,Article,24791,956,3.856,198,128,75,37
11/08/2016,1068,Video,66433,727,1.094,162,97,74,32
11/08/2016,2291,Video,36185,1423,3.933,146,170,170,42
10/08/2016,3628,Video,69406,959,1.382,142,78,31,37
10/08/2016,6434,Picture,42091,413,0.981,192,74,142,43
09/08/2016,4872,Picture,38321,912,2.38,150,152,167,18
09/08/2016,4519,Video,22917,905,3.949,104,176,118,40
08/08/2016,4117,Video,74036,1309,1.768,172,72,124,25
08/08/2016,3999,Article,13231,1155,8.729,143,100,109,34
07/08/2016,1434,Picture,50644,832,1.643,182,93,107,45
07/08/2016,5075,Video,61175,1327,2.169,197,163,75,15
06/08/2016,4994,Picture,57086,1333,2.335,199,70,136,1
06/08/2016,3297,Picture,59153,873,1.476,100,125,87,13
05/08/2016,5726,Picture,59157,1173,1.983,140,171,181,3
05/08/2016,2918,Picture,13085,701,5.357,134,72,40,11
04/08/2016,4424,Article,67134,1038,1.546,141,76,123,18
04/08/2016,5468,Picture,72685,478,0.658,114,129,161,50
03/08/2016,4617,Picture,62329,810,1.3,104,156,179,22
03/08/2016,1775,Article,50449,637,1.263,195,81,118,36
02/08/2016,1004,Picture,19652,681,3.465,140,100,186,1
02/08/2016,6813,Picture,40830,1413,3.461,179,148,132,45
01/08/2016,1213,Video,52985,1060,2.001,170,181,33,13
01/08/2016,5381,Picture,45234,1336,2.954,181,50,54,30
31/07/2016,4476,Picture,56477,1105,1.957,187,185,27,5
30/07/2016,2167,Picture,11712,713,6.088,197,96,162,31
29/07/2016,5709,Video,31782,1117,3.515,119,194,171,5
28/07/2016,2734,Video,20848,679,3.257,176,176,66,29
27/07/2016,2703,Picture,51060,1313,2.571,170,179,166,45
26/07/2016,3095,Article,78390,1323,1.688,173,57,160,15
25/07/2016,4006,Picture,74082,1085,1.465,135,72,141,21
24/07/2016,6329,Article,76053,1254,1.649,170,144,35,13
23/07/2016,6770,Video,76002,1305,1.717,122,109,24,31
22/07/2016,5998,Video,32855,832,2.532,169,74,145,41
21/07/2016,3363,Picture,62985,986,1.565,104,122,114,37
20/07/2016,5088,Picture,63091,583,0.924,169,66,159,32
19/07/2016,5388,Video,31184,918,2.944,171,56,156,19
18/07/2016,6202,Picture,64473,770,1.194,191,55,80,41
18/07/2016,6914,Picture,43483,693,1.594,146,85,141,24
17/07/2016,2829,Video,31014,771,2.486,111,120,192,40
17/07/2016,5982,Video,79275,966,1.219,129,197,179,36
16/07/2016,3386,Article,78048,730,0.935,118,137,170,32
16/07/2016,1075,Video,63747,981,1.539,158,192,182,20
15/07/2016,1598,Picture,78760,568,0.721,103,106,182,10
15/07/2016,6003,Video,64115,1333,2.079,193,83,41,45
14/07/2016,5852,Video,56432,1147,2.033,127,69,31,39
14/07/2016,6383,Video,77633,905,1.166,157,168,138,24
13/07/2016,1590,Picture,21650,464,2.143,181,127,85,36
13/07/2016,4366,Article,12964,824,6.356,162,57,179,30
12/07/2016,5428,Picture,11803,1283,10.87,196,88,46,9
12/07/2016,6281,Article,74406,1058,1.422,116,107,87,15
11/07/2016,5999,Article,30060,927,3.084,110,137,18,13
11/07/2016,1812,Video,46560,1403,3.013,128,196,123,22
10/07/2016,6386,Video,19972,1476,7.39,109,92,156,6
10/07/2016,5007,Picture,49020,1180,2.407,107,80,16,43
09/07/2016,2382,Picture,41048,1344,3.274,163,104,91,25
09/07/2016,5126,Article,67007,1436,2.143,137,51,182,11
08/07/2016,5532,Video,65648,1184,1.804,160,76,178,32
08/07/2016,1934,Video,74165,1317,1.776,102,150,77,28
07/07/2016,4363,Picture,74953,1337,1.784,162,102,172,22
07/07/2016,6678,Picture,59301,998,1.683,159,150,75,33
06/07/2016,5206,Video,48691,736,1.512,141,172,56,11
06/07/2016,3215,Article,18876,443,2.347,174,100,50,45
05/07/2016,5632,Article,46609,564,1.21,132,177,175,50
05/07/2016,3257,Article,21131,1160,5.49,120,92,88,3
04/07/2016,5737,Video,21940,1350,6.153,169,51,66,31
04/07/2016,4433,Picture,64853,1411,2.176,156,120,188,9
03/07/2016,6624,Picture,14571,1316,9.032,135,87,79,32
03/07/2016,1481,Article,12021,547,4.55,159,89,169,30
02/07/2016,5826,Picture,59945,818,1.365,162,104,40,12
02/07/2016,3664,Article,30974,508,1.64,160,171,136,32
01/07/2016,1145,Picture,34770,1041,2.994,185,112,18,34
01/07/2016,2211,Video,40601,1287,3.17,197,147,106,34
30/06/2016,3173,Picture,69720,647,0.928,155,163,66,40
30/06/2016,3750,Article,26264,971,3.697,112,119,63,29
30/06/2016,4901,Article,21104,506,2.398,112,156,56,35
29/06/2016,1444,Video,43566,494,1.134,144,180,87,49
29/06/2016,1881,Video,42890,462,1.077,198,127,40,5
29/06/2016,1405,Picture,66949,1473,2.2,133,95,114,4
28/06/2016,5189,Article,68479,857,1.251,130,82,69,38
28/06/2016,4544,Video,28311,734,2.593,163,189,21,35
28/06/2016,1011,Video,64050,1163,1.816,132,100,116,38
27/06/2016,3243,Picture,57248,529,0.924,173,186,64,41
27/06/2016,5027,Video,32401,1049,3.238,138,183,104,35
27/06/2016,2340,Article,15914,429,2.696,105,100,20,8
26/06/2016,6503,Article,53250,1362,2.558,115,120,38,37
26/06/2016,7000,Video,48160,1124,2.334,134,98,73,1
26/06/2016,1514,Video,11393,959,8.417,131,119,177,33
25/06/2016,3487,Article,17527,493,2.813,143,104,19,38
25/06/2016,2695,Picture,16900,929,5.497,180,194,152,19
25/06/2016,1852,Article,75665,417,0.551,167,170,25,39
24/06/2016,1026,Picture,76745,1271,1.656,151,114,55,28
24/06/2016,6084,Video,38971,501,1.286,121,78,100,44
24/06/2016,4110,Article,26227,887,3.382,154,137,184,33
23/06/2016,5143,Article,53882,840,1.559,102,59,43,23
23/06/2016,2638,Picture,68685,459,0.668,144,147,28,37
23/06/2016,3089,Picture,29371,1350,4.596,133,131,96,46
22/06/2016,4498,Article,78207,536,0.685,119,96,200,13
22/06/2016,3722,Video,69239,1363,1.969,100,94,33,3
22/06/2016,2721,Picture,40470,1423,3.516,179,105,90,35
21/06/2016,1382,Article,11003,1423,12.933,177,135,76,33
21/06/2016,2778,Picture,12563,1360,10.825,170,96,58,7
21/06/2016,4608,Picture,71419,1469,2.057,197,95,70,23
20/06/2016,3970,Article,76799,1306,1.701,143,192,105,26
20/06/2016,1100,Video,11521,1212,10.52,153,63,147,38
20/06/2016,3646,Article,45898,1188,2.588,171,181,152,40
19/06/2016,3414,Article,65905,520,0.789,137,55,123,34
19/06/2016,4297,Picture,35775,1346,3.762,158,179,172,48
19/06/2016,2919,Article,72937,879,1.205,117,135,41,50
18/06/2016,4999,Video,56399,609,1.08,112,62,27,31
18/06/2016,1766,Article,22201,1417,6.383,167,193,38,42
18/06/2016,2371,Video,63082,996,1.579,171,89,130,18
17/06/2016,1193,Video,74412,917,1.232,109,144,37,22
17/06/2016,4066,Picture,45825,577,1.259,108,105,46,25
17/06/2016,5210,Picture,65488,1057,1.614,197,200,180,11
16/06/2016,2070,Video,11739,1188,10.12,192,184,143,18
16/06/2016,5198,Video,39194,1027,2.62,164,113,158,43
16/06/2016,6982,Picture,41241,786,1.906,163,191,119,3
15/06/2016,3023,Article,64900,825,1.271,135,87,174,7
15/06/2016,3840,Picture,42035,799,1.901,102,80,174,5
15/06/2016,3130,Picture,73814,1242,1.683,167,178,48,29
14/06/2016,2486,Picture,45062,740,1.642,200,174,17,41
14/06/2016,2688,Video,28280,445,1.574,118,149,90,28
14/06/2016,1653,Picture,20253,456,2.252,167,82,78,19
14/06/2016,4630,Picture,40130,1165,2.903,176,129,54,26
13/06/2016,1159,Article,29497,959,3.251,132,133,28,10
13/06/2016,3590,Article,56338,1004,1.782,158,90,198,4
13/06/2016,6139,Picture,70588,869,1.231,191,85,27,8
13/06/2016,4567,Picture,45521,776,1.705,115,184,181,41
12/06/2016,1659,Video,66784,802,1.201,141,198,109,32
12/06/2016,6905,Picture,77140,933,1.209,115,185,114,14
12/06/2016,1927,Article,35839,1395,3.892,119,133,145,5
12/06/2016,5473,Picture,77495,1228,1.585,196,130,184,15
11/06/2016,4392,Video,43535,1136,2.609,143,116,63,21
11/06/2016,5992,Picture,18148,1113,6.133,157,110,93,0
11/06/2016,5889,Video,62957,904,1.436,156,98,199,5
11/06/2016,3594,Video,42116,1467,3.483,186,55,26,18
10/06/2016,5115,Picture,20000,1322,6.61,184,92,121,16
10/06/2016,1663,Picture,19019,1469,7.724,188,123,98,17
10/06/2016,3451,Picture,24623,835,3.391,160,90,100,14
10/06/2016,4632,Picture,34889,823,2.359,106,138,82,43
09/06/2016,5716,Picture,61386,794,1.293,159,195,179,42
09/06/2016,2566,Video,46922,713,1.52,148,92,22,12
09/06/2016,2970,Picture,68690,1311,1.909,160,50,190,17
09/06/2016,1150,Picture,17271,1146,6.635,179,74,113,43
08/06/2016,4440,Picture,63698,834,1.309,191,92,175,30
08/06/2016,3166,Picture,42585,628,1.475,198,119,109,22
08/06/2016,6561,Article,46299,1214,2.622,177,158,138,50
08/06/2016,1713,Article,33634,1034,3.074,144,141,167,36
07/06/2016,1520,Article,46627,1125,2.413,109,127,66,45
07/06/2016,3517,Picture,67179,763,1.136,114,123,49,14
07/06/2016,5623,Video,34167,681,1.993,195,140,45,18
07/06/2016,3343,Article,69655,1446,2.076,109,155,51,5
06/06/2016,2479,Picture,57053,1407,2.466,123,182,55,9
06/06/2016,6852,Article,34391,1492,4.338,103,198,176,2
06/06/2016,6544,Article,44348,650,1.466,140,133,27,6
06/06/2016,3390,Picture,60490,783,1.294,160,181,41,26
05/06/2016,5703,Video,35755,1367,3.823,142,108,76,11
05/06/2016,6730,Article,25594,1336,5.22,163,102,147,8
05/06/2016,3348,Article,25128,992,3.948,105,181,147,50
05/06/2016,1663,Picture,41653,624,1.498,106,58,155,41
04/06/2016,3752,Video,63916,1202,1.881,118,145,76,6
04/06/2016,4839,Video,16468,886,5.38,196,111,91,46
04/06/2016,6251,Video,39775,705,1.772,151,197,61,0
04/06/2016,3393,Video,39610,461,1.164,116,74,47,37
03/06/2016,2050,Video,45247,955,2.111,182,85,195,15
03/06/2016,6723,Article,23946,1361,5.684,119,63,140,49
03/06/2016,3521,Article,12863,1342,10.433,119,79,142,3
03/06/2016,2686,Article,62824,638,1.016,154,151,195,10
02/06/2016,3223,Video,68453,1028,1.502,111,109,33,8
02/06/2016,2257,Picture,41016,600,1.463,159,97,155,17
02/06/2016,2151,Article,15757,720,4.569,149,197,183,32
02/06/2016,4878,Picture,41882,876,2.092,156,71,16,3
01/06/2016,3438,Picture,33708,1221,3.622,105,97,158,26
01/06/2016,4350,Article,76594,932,1.217,184,145,17,9
01/06/2016,6559,Video,14393,1124,7.809,127,95,137,30
01/06/2016,3886,Video,60227,966,1.604,172,169,24,22
31/05/2016,2912,Picture,25358,1483,5.848,101,173,48,13
31/05/2016,1408,Picture,63509,629,0.99,144,160,105,9
30/05/2016,5653,Video,44716,818,1.829,114,147,17,50
30/05/2016,4957,Article,40882,1243,3.04,135,118,176,42
29/05/2016,6208,Video,32599,504,1.546,177,141,140,23
29/05/2016,5297,Picture,33813,950,2.81,122,88,61,45
28/05/2016,1164,Video,72830,1293,1.775,199,185,190,3
28/05/2016,1225,Picture,69292,1138,1.642,107,198,178,5
27/05/2016,2246,Picture,37362,640,1.713,117,65,125,23
27/05/2016,2928,Video,67956,1247,1.835,141,111,117,6
26/05/2016,1065,Picture,64202,417,0.65,192,97,13,19
26/05/2016,2434,Video,22636,1138,5.027,104,126,150,17
25/05/2016,3435,Picture,62527,498,0.796,151,78,109,17
25/05/2016,4687,Picture,44815,522,1.165,157,50,160,7
24/05/2016,4036,Picture,70055,1494,2.133,197,182,114,44
24/05/2016,2719,Video,79451,765,0.963,176,192,129,42
23/05/2016,6380,Video,70266,728,1.036,119,158,182,1
23/05/2016,4701,Video,37065,916,2.471,120,170,197,26
22/05/2016,3134,Video,69073,870,1.26,126,199,11,32
22/05/2016,6675,Picture,37765,529,1.401,132,156,152,24
21/05/2016,1606,Article,52260,1447,2.769,103,170,66,7
21/05/2016,2655,Picture,69952,1223,1.748,108,191,52,13
20/05/2016,2911,Picture,24015,898,3.739,183,159,147,49
20/05/2016,6636,Picture,75419,1262,1.673,184,171,30,17
19/05/2016,3892,Picture,69922,1234,1.765,181,59,143,8
19/05/2016,6827,Article,50954,902,1.77,150,125,25,1
18/05/2016,2853,Picture,39655,477,1.203,117,58,182,24
18/05/2016,3565,Article,34974,664,1.899,116,195,151,18
17/05/2016,6648,Article,23680,1451,6.128,122,196,182,10
17/05/2016,6307,Video,47032,814,1.731,120,176,177,9
16/05/2016,5996,Article,76913,1363,1.772,124,168,38,38
16/05/2016,4940,Picture,23373,693,2.965,164,81,54,46
15/05/2016,4721,Article,79056,1144,1.447,144,156,138,20
15/05/2016,2910,Video,63321,1019,1.609,169,136,92,26
14/05/2016,5101,Article,45792,1130,2.468,127,198,103,0
14/05/2016,4434,Picture,38341,1390,3.625,190,88,95,19
13/05/2016,6417,Picture,28269,1160,4.103,136,178,63,23
13/05/2016,3480,Video,17680,850,4.808,154,79,152,37
12/05/2016,2076,Picture,35894,721,2.009,152,93,54,16
12/05/2016,1105,Picture,18969,454,2.393,126,192,78,14
11/05/2016,2662,Video,46945,841,1.791,163,178,152,37
11/05/2016,4375,Picture,57193,646,1.13,158,104,57,25
10/05/2016,2021,Video,18835,651,3.456,167,179,116,8
10/05/2016,4406,Article,72424,841,1.161,193,185,23,11
09/05/2016,5321,Video,17144,1265,7.379,126,62,107,33
09/05/2016,2484,Picture,62193,557,0.896,132,89,175,47
08/05/2016,5115,Article,29201,1314,4.5,116,198,131,3
08/05/2016,4140,Picture,46966,878,1.869,100,117,56,24
07/05/2016,2718,Article,47423,498,1.05,162,153,77,20
07/05/2016,3263,Article,31500,992,3.149,199,171,29,29
07/05/2016,3269,Picture,35148,1001,2.848,144,51,48,25
06/05/2016,4044,Article,39557,1488,3.762,102,171,154,43
06/05/2016,6345,Article,75939,831,1.094,191,55,82,5
06/05/2016,5623,Picture,36611,646,1.764,117,189,11,1
05/05/2016,6153,Picture,43779,769,1.757,164,154,17,10
05/05/2016,1200,Picture,45694,1041,2.278,172,128,118,35
05/05/2016,5213,Article,58274,403,0.692,158,114,19,21
04/05/2016,2099,Picture,39181,1145,2.922,123,85,44,46
04/05/2016,4029,Article,16731,1023,6.114,131,53,22,24
04/05/2016,3078,Article,46400,1352,2.914,174,156,37,0
03/05/2016,6573,Picture,72630,1016,1.399,128,132,106,23
03/05/2016,1522,Article,46668,1410,3.021,136,167,142,26
03/05/2016,3966,Picture,52433,1389,2.649,124,76,17,29
02/05/2016,6151,Article,11294,561,4.967,108,63,115,3
02/05/2016,5960,Article,73847,422,0.571,149,109,138,35
02/05/2016,6028,Article,20383,517,2.536,125,92,34,40
01/05/2016,1884,Article,30411,974,3.203,114,141,127,27
01/05/2016,1264,Picture,18641,462,2.478,112,98,177,16
01/05/2016,2892,Picture,23758,1348,5.674,172,147,161,15
30/04/2016,3433,Article,72238,1439,1.992,139,52,16,27
30/04/2016,2937,Article,43010,529,1.23,164,183,87,35
30/04/2016,4733,Picture,38468,955,2.483,159,145,131,50
30/04/2016,6020,Picture,67411,1153,1.71,147,174,45,50
29/04/2016,1566,Video,13308,699,5.252,157,138,47,5
29/04/2016,2775,Article,42505,1138,2.677,170,144,110,12
29/04/2016,5336,Article,53255,1088,2.043,173,128,18,37
29/04/2016,2037,Article,36471,446,1.223,136,158,180,43
28/04/2016,3791,Video,68098,755,1.109,180,156,35,9
28/04/2016,6734,Picture,16606,829,4.992,149,189,162,8
28/04/2016,6469,Article,44669,1457,3.262,179,59,153,24
28/04/2016,1713,Video,66798,590,0.883,100,64,184,41
27/04/2016,1779,Picture,64089,1339,2.089,137,121,164,40
27/04/2016,4552,Video,54499,544,0.998,144,75,51,2
27/04/2016,1755,Article,70111,895,1.277,170,153,162,33
27/04/2016,1135,Picture,50772,1017,2.003,161,117,106,39
26/04/2016,6996,Video,68643,513,0.747,179,66,12,11
26/04/2016,4065,Article,40776,844,2.07,161,91,142,12
26/04/2016,2441,Article,40614,1176,2.896,124,132,190,27
26/04/2016,1039,Article,30362,1461,4.812,160,194,100,45
25/04/2016,2737,Article,32785,1149,3.505,145,171,144,36
25/04/2016,3111,Article,35589,988,2.776,152,62,57,39
25/04/2016,5899,Article,44831,1115,2.487,184,119,67,10
25/04/2016,1475,Video,27034,720,2.663,154,94,40,0
24/04/2016,4483,Picture,62469,778,1.245,145,97,95,34
24/04/2016,4754,Video,62993,751,1.192,147,199,37,5
24/04/2016,1591,Article,37716,690,1.829,125,86,45,28
24/04/2016,2413,Picture,43463,1019,2.345,148,111,188,34
23/04/2016,1679,Video,11234,537,4.78,115,158,65,1
23/04/2016,3375,Article,38785,711,1.833,172,62,73,42
23/04/2016,1661,Article,79147,544,0.687,150,120,25,21
23/04/2016,5124,Picture,42029,575,1.368,103,182,38,1
22/04/2016,5737,Article,68604,1280,1.866,171,123,138,35
22/04/2016,4964,Article,26473,573,2.164,153,57,36,37
22/04/2016,1777,Article,18242,1201,6.584,146,77,106,22
22/04/2016,3490,Picture,64364,781,1.213,128,120,39,16
21/04/2016,4118,Video,76239,562,0.737,109,180,47,32
21/04/2016,4622,Article,19536,1076,5.508,184,144,130,34
21/04/2016,2347,Picture,69326,676,0.975,130,178,97,18
21/04/2016,5376,Video,76901,952,1.238,118,176,152,26
20/04/2016,4520,Article,20043,1049,5.234,160,64,36,11
20/04/2016,1747,Picture,12360,415,3.358,102,54,180,34
20/04/2016,5521,Video,50121,584,1.165,126,170,90,28
20/04/2016,3099,Video,61826,1355,2.192,147,107,178,23
19/04/2016,3489,Article,30220,676,2.237,192,186,135,46
19/04/2016,3800,Article,11595,794,6.848,171,197,130,0
19/04/2016,6734,Article,24971,820,3.284,125,141,12,10
19/04/2016,4346,Article,39524,1009,2.553,139,85,35,6
18/04/2016,2281,Picture,72526,513,0.707,119,198,125,39
18/04/2016,6115,Picture,35145,471,1.34,106,53,74,34
18/04/2016,6919,Picture,11349,564,4.97,199,195,127,12
18/04/2016,6259,Article,58529,1206,2.061,146,81,197,2
17/04/2016,6400,Article,60319,611,1.013,185,73,195,39
17/04/2016,3930,Article,22325,1458,6.531,136,153,53,23
17/04/2016,4992,Article,13130,564,4.296,193,104,73,34
17/04/2016,5762,Video,46015,915,1.988,138,182,86,36
16/04/2016,1968,Picture,64325,1131,1.758,179,137,51,6
16/04/2016,3059,Video,20114,412,2.048,146,116,75,49
16/04/2016,4606,Picture,12030,1353,11.247,139,103,72,12
16/04/2016,4341,Video,65955,1332,2.02,120,67,31,40
15/04/2016,3521,Picture,47014,761,1.619,200,150,21,28
15/04/2016,6854,Video,23692,669,2.824,112,168,129,42
15/04/2016,5535,Picture,57847,804,1.39,189,184,161,34
15/04/2016,3822,Article,55548,1181,2.126,183,195,34,7
14/04/2016,1912,Article,54479,731,1.342,154,71,117,6
14/04/2016,3038,Article,72942,935,1.282,125,67,191,30
14/04/2016,2772,Article,11086,820,7.397,146,70,78,27
14/04/2016,1678,Article,12305,1132,9.2,160,136,115,8
13/04/2016,3295,Picture,52289,748,1.431,191,105,105,17
13/04/2016,1781,Article,67369,1172,1.74,189,183,25,38
13/04/2016,6406,Picture,43429,910,2.095,191,52,114,46
13/04/2016,1043,Article,56247,1410,2.507,105,85,175,34
12/04/2016,5026,Article,31483,935,2.97,108,177,121,41
12/04/2016,5880,Picture,24911,556,2.232,175,93,109,11
12/04/2016,3693,Video,48932,1281,2.618,140,167,149,14
12/04/2016,3073,Picture,56150,1089,1.939,117,55,21,46
11/04/2016,1981,Article,32879,475,1.445,102,175,103,12
11/04/2016,1609,Picture,17488,1196,6.839,156,63,65,11
11/04/2016,1309,Video,39699,400,1.008,165,119,160,35
11/04/2016,4486,Video,43562,1169,2.684,194,129,86,25
10/04/2016,5410,Picture,64248,1009,1.57,193,198,58,30
10/04/2016,4417,Picture,36283,1079,2.974,170,164,195,41
10/04/2016,4564,Picture,49145,655,1.333,107,182,170,8
10/04/2016,6437,Picture,65143,993,1.524,151,188,85,36
09/04/2016,2579,Picture,35915,755,2.102,112,92,57,40
09/04/2016,4790,Article,63087,865,1.371,159,171,177,32
09/04/2016,4385,Article,56150,400,0.712,149,116,110,23
09/04/2016,5270,Video,45848,527,1.149,147,124,47,14
08/04/2016,5371,Picture,69422,1157,1.667,183,56,20,0
08/04/2016,4377,Article,16394,744,4.538,150,50,79,40
08/04/2016,6870,Article,78248,882,1.127,123,117,166,40
08/04/2016,5610,Video,78771,857,1.088,103,195,69,41
07/04/2016,2166,Picture,13402,876,6.536,103,174,175,35
07/04/2016,1409,Article,64819,930,1.435,194,81,171,1
07/04/2016,6762,Picture,21629,1023,4.73,119,71,164,26
07/04/2016,3645,Article,41692,1119,2.684,124,177,119,18
06/04/2016,2608,Picture,52820,1452,2.749,145,108,158,37
06/04/2016,4015,Picture,49663,781,1.573,153,180,83,19
06/04/2016,4834,Picture,67887,1328,1.956,135,54,107,21
06/04/2016,1647,Video,63541,721,1.135,175,142,183,33
05/04/2016,3524,Article,72835,1462,2.007,133,103,87,39
05/04/2016,2055,Video,60883,1107,1.818,168,146,142,1
05/04/2016,1968,Article,51236,951,1.856,109,107,91,22
05/04/2016,4441,Picture,24845,784,3.156,148,123,32,22
04/04/2016,1540,Video,51165,570,1.114,144,80,164,2
04/04/2016,6860,Picture,40723,1350,3.315,168,81,199,48
04/04/2016,6829,Video,69075,1030,1.491,198,88,177,33
04/04/2016,2076,Video,75224,828,1.101,168,61,86,19
03/04/2016,6246,Picture,15411,1369,8.883,119,197,56,25
03/04/2016,2891,Video,72469,563,0.777,108,191,65,44
03/04/2016,2886,Picture,40229,1495,3.716,169,163,121,33
03/04/2016,2874,Video,52744,1042,1.976,190,193,19,19
02/04/2016,6326,Article,10193,1191,11.684,161,121,107,11
02/04/2016,6135,Article,15224,489,3.212,146,152,71,7
02/04/2016,2063,Article,18646,1072,5.749,159,70,167,36
02/04/2016,3112,Video,17120,1099,6.419,104,169,120,30
01/04/2016,2881,Picture,52870,1382,2.614,147,114,97,18
01/04/2016,5184,Video,50014,778,1.556,135,110,54,46
01/04/2016,4051,Picture,27094,825,3.045,171,123,97,32
01/04/2016,6008,Article,40527,433,1.068,142,50,53,6
31/03/2016,1301,Picture,23697,1060,4.473,167,179,16,11
31/03/2016,1925,Picture,47675,633,1.328,145,193,92,6
31/03/2016,5245,Article,72704,449,0.618,100,167,24,28
31/03/2016,3719,Video,54878,1071,1.952,128,57,12,38
30/03/2016,1201,Article,25180,821,3.261,129,64,21,36
30/03/2016,2623,Article,70606,521,0.738,181,75,52,27
30/03/2016,1553,Picture,13592,1075,7.909,179,168,93,4
30/03/2016,1232,Article,18897,1476,7.811,161,85,66,34
29/03/2016,1878,Video,42025,1124,2.675,124,51,12,43
29/03/2016,5729,Article,69804,1365,1.955,140,193,24,47
29/03/2016,6542,Article,52198,1072,2.054,177,80,195,43
29/03/2016,2690,Picture,50255,615,1.224,198,95,27,30
28/03/2016,1637,Picture,71351,437,0.612,155,114,131,3
28/03/2016,3596,Video,39786,1001,2.516,143,136,20,35
28/03/2016,4140,Article,52316,585,1.118,178,61,147,22
28/03/2016,5170,Video,31467,998,3.172,152,61,133,31
27/03/2016,3190,Article,57609,589,1.022,115,111,21,38
27/03/2016,3723,Article,14780,967,6.543,200,67,141,44
27/03/2016,4809,Article,63844,1334,2.089,131,126,188,28
27/03/2016,3462,Video,33959,625,1.84,113,192,26,39
26/03/2016,5742,Picture,74985,1084,1.446,143,102,182,19
26/03/2016,5602,Picture,11600,1089,9.388,177,89,152,8
26/03/2016,2805,Video,47518,1331,2.801,140,66,188,43
26/03/2016,2792,Picture,14943,1091,7.301,138,87,69,35
25/03/2016,6344,Article,71717,783,1.092,189,125,132,11
25/03/2016,4142,Video,26447,607,2.295,182,119,29,46
25/03/2016,2135,Video,37008,1036,2.799,163,177,157,28
25/03/2016,1202,Picture,59265,862,1.454,160,60,93,45
24/03/2016,2347,Picture,11948,625,5.231,114,113,162,43
24/03/2016,3880,Video,74155,892,1.203,106,169,92,14
24/03/2016,6194,Article,54114,665,1.229,180,68,39,22
24/03/2016,1209,Article,30039,1329,4.424,133,190,83,33
23/03/2016,6640,Article,46243,1025,2.217,179,64,57,24
23/03/2016,4735,Article,65685,1032,1.571,189,166,154,30
23/03/2016,6520,Video,47751,755,1.581,165,62,148,36
23/03/2016,1400,Video,48000,1037,2.16,115,159,188,22
22/03/2016,5805,Video,11141,1154,10.358,166,103,21,16
22/03/2016,2778,Video,27314,1167,4.273,154,115,65,29
22/03/2016,1661,Video,55072,502,0.912,166,133,17,30
22/03/2016,6067,Video,76809,513,0.668,173,88,74,17
21/03/2016,1165,Video,15193,782,5.147,162,121,162,26
21/03/2016,2579,Article,63762,1052,1.65,162,86,138,15
21/03/2016,2260,Article,31645,938,2.964,155,76,37,15
21/03/2016,6243,Video,52594,1274,2.422,197,138,89,32
20/03/2016,4640,Picture,49028,693,1.413,171,68,161,22
20/03/2016,6133,Picture,41355,881,2.13,130,139,25,30
20/03/2016,3836,Video,36840,913,2.478,175,103,131,18
20/03/2016,1042,Video,27322,1235,4.52,170,145,54,36
19/03/2016,3534,Picture,49279,780,1.583,179,153,85,39
19/03/2016,1962,Article,41972,1058,2.521,120,184,145,50
19/03/2016,3420,Picture,34544,1098,3.179,100,128,21,22
19/03/2016,6502,Article,55209,1408,2.55,155,65,62,25
18/03/2016,6481,Video,45202,975,2.157,122,105,124,35
18/03/2016,6529,Video,36820,483,1.312,177,58,71,4
18/03/2016,1616,Video,45866,455,0.992,148,55,23,21
18/03/2016,2007,Picture,55978,668,1.193,124,56,168,5
17/03/2016,5592,Article,66137,785,1.187,109,186,155,12
17/03/2016,5209,Article,38012,563,1.481,122,186,42,45
17/03/2016,5906,Picture,69545,685,0.985,111,189,67,47
17/03/2016,2763,Article,69682,1096,1.573,111,145,100,5
16/03/2016,1167,Article,63336,570,0.9,168,107,11,20
16/03/2016,4467,Article,78466,1093,1.393,127,148,151,1
16/03/2016,3632,Picture,51055,793,1.553,157,138,143,10
16/03/2016,4033,Picture,24685,1260,5.104,108,199,56,6
15/03/2016,4013,Picture,75192,1251,1.664,186,142,88,5
15/03/2016,1457,Picture,58888,1080,1.834,124,104,114,9
15/03/2016,2402,Article,69661,1273,1.827,129,140,78,48
15/03/2016,1867,Article,61355,1367,2.228,137,195,161,9
14/03/2016,3234,Video,22869,1097,4.797,114,61,92,5
14/03/2016,1612,Article,79515,817,1.027,146,134,178,41
14/03/2016,4663,Picture,45541,521,1.144,163,56,141,33
14/03/2016,5028,Picture,29694,533,1.795,165,80,135,18
13/03/2016,3717,Article,52504,1074,2.046,116,112,151,16
13/03/2016,5533,Video,20760,482,2.322,190,61,41,5
13/03/2016,2923,Video,20139,924,4.588,119,145,182,5
13/03/2016,3156,Article,70667,933,1.32,128,74,32,32
12/03/2016,2675,Article,33867,949,2.802,135,187,175,2
12/03/2016,2430,Article,14420,982,6.81,181,90,84,44
12/03/2016,4765,Picture,49586,999,2.015,117,132,113,16
12/03/2016,4793,Video,49892,1009,2.022,102,67,162,13
11/03/2016,3573,Video,62536,1196,1.912,145,172,86,36
11/03/2016,6510,Video,61090,888,1.454,196,67,114,23
11/03/2016,5953,Picture,24745,549,2.219,111,193,95,46
11/03/2016,5659,Article,29285,871,2.974,150,164,71,46
10/03/2016,1882,Picture,31538,728,2.308,158,77,50,41
10/03/2016,2843,Article,41828,1220,2.917,142,119,116,13
10/03/2016,2231,Picture,51383,729,1.419,196,183,62,0
10/03/2016,5638,Picture,13933,1420,10.192,190,148,116,33
09/03/2016,6018,Picture,16244,521,3.207,189,179,132,2
09/03/2016,2960,Article,19483,1033,5.302,186,169,103,32
09/03/2016,5160,Picture,51082,1148,2.247,122,64,14,26
09/03/2016,4630,Picture,13083,886,6.772,102,168,66,12
08/03/2016,2541,Article,62895,427,0.679,186,118,61,25
08/03/2016,4034,Video,77425,950,1.227,162,175,28,12
08/03/2016,6471,Picture,63845,740,1.159,174,59,104,48
08/03/2016,6209,Video,26554,939,3.536,171,191,142,10
07/03/2016,2364,Video,28473,535,1.879,116,68,172,16
07/03/2016,5941,Video,19121,1441,7.536,185,200,171,4
07/03/2016,2431,Video,46747,908,1.942,153,161,164,24
07/03/2016,2027,Picture,54548,418,0.766,139,62,73,4
06/03/2016,2169,Article,59699,1345,2.253,195,86,77,3
06/03/2016,1162,Article,16319,478,2.929,166,178,89,2
06/03/2016,1350,Video,25956,565,2.177,120,146,53,40
06/03/2016,1138,Article,36954,1302,3.523,137,131,14,4
05/03/2016,3963,Video,37511,680,1.813,144,112,24,5
05/03/2016,4490,Video,38311,877,2.289,129,164,91,17
05/03/2016,6313,Picture,65900,723,1.097,100,131,179,35
05/03/2016,4307,Video,39693,790,1.99,161,56,110,35
04/03/2016,4056,Video,66028,1174,1.778,195,119,133,18
04/03/2016,6944,Article,41788,1264,3.025,161,186,49,36
04/03/2016,2093,Video,49471,745,1.506,133,200,170,46
04/03/2016,1150,Article,75577,806,1.066,133,161,80,25
03/03/2016,3756,Picture,30727,1069,3.479,117,60,93,26
03/03/2016,4138,Article,35602,917,2.576,148,200,137,14
03/03/2016,2682,Article,62456,493,0.789,153,137,68,24
03/03/2016,3389,Article,77997,1349,1.73,101,176,127,13
02/03/2016,6623,Article,18369,987,5.373,165,118,89,27
02/03/2016,1940,Picture,19924,1293,6.49,165,150,173,41
02/03/2016,3152,Picture,10932,632,5.781,110,117,168,18
02/03/2016,2957,Article,41642,1004,2.411,155,102,72,14
01/03/2016,5370,Video,72935,907,1.244,168,80,171,19
01/03/2016,6838,Article,15561,1010,6.491,130,121,59,15
01/03/2016,2525,Picture,31241,665,2.129,120,150,179,23
01/03/2016,6117,Picture,12305,911,7.403,195,199,140,4
29/02/2016,5764,Video,36164,872,2.411,107,113,174,12
29/02/2016,1230,Article,22821,871,3.817,168,184,148,5
29/02/2016,4176,Video,48711,607,1.246,125,165,176,40
29/02/2016,5051,Picture,64645,1010,1.562,123,66,170,40
28/02/2016,2360,Picture,10190,1433,14.063,116,152,105,43
28/02/2016,3485,Picture,42611,949,2.227,151,134,66,9
28/02/2016,1249,Picture,45114,1478,3.276,196,90,160,49
28/02/2016,1943,Picture,49098,921,1.876,173,55,69,50
27/02/2016,3628,Article,55509,409,0.737,132,131,159,17
27/02/2016,1306,Video,44634,1307,2.928,185,86,20,42
27/02/2016,1834,Article,77382,509,0.658,175,168,104,23
27/02/2016,2692,Article,59148,1148,1.941,123,55,81,32
26/02/2016,1538,Video,39852,599,1.503,124,61,39,2
26/02/2016,2570,Article,33349,941,2.822,102,199,160,21
26/02/2016,3601,Video,62671,1070,1.707,104,123,83,5
26/02/2016,5243,Picture,71813,1369,1.906,156,157,149,7
25/02/2016,2038,Article,17227,464,2.693,149,189,167,0
25/02/2016,6361,Picture,35175,589,1.674,162,83,147,44
25/02/2016,6927,Picture,77834,1348,1.732,175,138,157,17
25/02/2016,5247,Article,45267,462,1.021,174,129,78,30
24/02/2016,3825,Picture,57163,1184,2.071,142,68,11,25
24/02/2016,4306,Article,16285,653,4.01,195,59,140,10
24/02/2016,3483,Video,37849,1227,3.242,133,144,141,8
24/02/2016,1143,Article,11185,600,5.364,199,195,135,41
23/02/2016,4388,Picture,64597,732,1.133,126,83,50,44
23/02/2016,3735,Video,49646,1149,2.314,119,115,131,22
23/02/2016,6102,Video,46638,837,1.795,105,133,50,27
23/02/2016,5237,Video,75465,909,1.205,111,174,198,35
22/02/2016,3509,Picture,68163,670,0.983,145,179,166,10
22/02/2016,1187,Video,28872,1425,4.936,147,56,125,49
22/02/2016,5247,Article,73718,851,1.154,140,119,185,27
22/02/2016,1074,Picture,39119,1175,3.004,129,137,20,26
21/02/2016,2942,Article,39499,890,2.253,150,57,184,40
21/02/2016,4060,Article,67485,786,1.165,173,130,35,21
21/02/2016,2977,Picture,43075,438,1.017,137,122,187,47
21/02/2016,6226,Picture,38036,1439,3.783,126,181,23,1
20/02/2016,4896,Article,13625,1124,8.25,110,173,37,18
20/02/2016,6071,Picture,18446,630,3.415,126,147,53,38
20/02/2016,2228,Picture,66777,671,1.005,169,138,123,10
20/02/2016,4023,Video,79834,1072,1.343,197,177,142,27
19/02/2016,6839,Picture,72205,1254,1.737,166,156,89,14
19/02/2016,6156,Video,35649,1215,3.408,105,100,21,35
19/02/2016,2327,Picture,61251,442,0.722,151,146,148,18
19/02/2016,4315,Picture,58103,991,1.706,191,190,98,46
18/02/2016,4265,Picture,23030,661,2.87,102,72,58,1
18/02/2016,4404,Article,29674,1265,4.263,196,106,149,14
18/02/2016,3542,Picture,28183,843,2.991,146,194,86,49
18/02/2016,1107,Picture,43701,1136,2.599,145,134,175,8
17/02/2016,2756,Video,67421,480,0.712,165,100,155,6
17/02/2016,4562,Article,63338,731,1.154,109,80,140,49
17/02/2016,3541,Article,51048,541,1.06,149,160,111,23
17/02/2016,2430,Picture,57968,1407,2.427,160,94,43,1
16/02/2016,2799,Article,56982,608,1.067,112,89,93,38
16/02/2016,4246,Picture,30070,830,2.76,162,166,37,46
16/02/2016,3322,Picture,61861,1280,2.069,161,179,167,42
16/02/2016,3155,Article,20538,1185,5.77,132,50,114,13
15/02/2016,2954,Video,60494,1340,2.215,136,76,81,10
15/02/2016,3038,Article,70593,1339,1.897,171,159,11,48
15/02/2016,1765,Article,30281,1111,3.669,190,52,168,29
15/02/2016,6675,Video,60897,439,0.721,193,142,169,29
14/02/2016,2258,Picture,74610,565,0.757,135,71,138,8
14/02/2016,6452,Picture,30579,1433,4.686,189,133,97,16
14/02/2016,3894,Article,63957,700,1.094,141,111,100,42
14/02/2016,1304,Picture,37538,548,1.46,182,166,37,34
13/02/2016,1898,Picture,22397,419,1.871,161,114,90,44
13/02/2016,6539,Video,11548,1195,10.348,150,171,18,46
13/02/2016,5588,Article,31305,1073,3.428,137,90,53,33
13/02/2016,4683,Article,38924,1217,3.127,129,56,170,16
12/02/2016,2383,Picture,71578,1061,1.482,200,141,142,41
12/02/2016,6680,Picture,65614,1024,1.561,139,197,139,29
12/02/2016,3633,Picture,42806,1148,2.682,160,99,179,22
12/02/2016,2020,Video,22403,493,2.201,116,98,109,2
11/02/2016,1214,Picture,22521,950,4.218,170,75,71,48
11/02/2016,5478,Picture,74366,549,0.738,110,71,26,42
11/02/2016,4904,Article,62829,1275,2.029,157,118,120,10
11/02/2016,4930,Article,15124,1484,9.812,115,155,43,41
10/02/2016,1962,Picture,33600,646,1.923,161,145,170,50
10/02/2016,4492,Picture,47475,992,2.09,172,170,86,45
10/02/2016,2149,Article,45656,1405,3.077,182,126,32,40
10/02/2016,4484,Picture,38950,773,1.985,175,88,68,43
09/02/2016,3196,Article,28923,1050,3.63,197,66,134,21
09/02/2016,2852,Picture,18840,803,4.262,113,100,29,4
09/02/2016,6351,Video,74158,1108,1.494,113,196,83,40
09/02/2016,2101,Picture,34432,738,2.143,122,186,40,28
08/02/2016,3378,Article,68805,550,0.799,123,114,74,37
08/02/2016,3665,Article,61529,1023,1.663,146,165,193,9
08/02/2016,6439,Article,55290,1301,2.353,150,142,82,24
08/02/2016,1374,Video,68791,516,0.75,191,121,54,29
07/02/2016,4005,Video,26826,903,3.366,111,168,32,33
07/02/2016,6443,Video,69125,1075,1.555,122,75,28,1
07/02/2016,4602,Video,61709,978,1.585,189,81,32,39
07/02/2016,5810,Video,11704,1354,11.569,171,149,112,16
06/02/2016,1849,Picture,66003,1140,1.727,142,102,11,14
06/02/2016,6139,Picture,31640,1489,4.706,137,151,105,8
06/02/2016,4695,Video,69991,1427,2.039,185,123,132,11
06/02/2016,6106,Picture,53860,1251,2.323,134,119,105,14
05/02/2016,5740,Video,50333,417,0.828,135,163,127,26
05/02/2016,5847,Article,61496,608,0.989,175,85,179,40
05/02/2016,4709,Article,45833,875,1.909,139,96,157,45
05/02/2016,6404,Video,53630,485,0.904,121,160,189,25
04/02/2016,2046,Picture,24189,1207,4.99,195,72,86,25
04/02/2016,5818,Video,29408,937,3.186,121,99,147,21
04/02/2016,3538,Article,50304,907,1.803,170,101,192,8
04/02/2016,5229,Picture,13777,844,6.126,195,159,190,38
03/02/2016,6185,Article,42181,831,1.97,194,97,55,47
03/02/2016,1837,Video,10408,1289,12.385,199,105,46,34
03/02/2016,2615,Picture,66678,1420,2.13,116,132,19,33
03/02/2016,6808,Picture,27794,417,1.5,112,125,194,47
02/02/2016,6375,Video,27030,1332,4.928,140,84,12,35
02/02/2016,2444,Article,48833,1064,2.179,177,161,184,14
02/02/2016,1771,Picture,62065,973,1.568,149,74,81,31
02/02/2016,1944,Picture,52723,1151,2.183,134,124,90,7
01/02/2016,5368,Picture,50356,1218,2.419,135,171,182,24
01/02/2016,6510,Article,37736,911,2.414,128,159,11,1
01/02/2016,1404,Video,14818,921,6.215,189,166,48,4
01/02/2016,2374,Video,54176,691,1.275,194,119,134,33
31/01/2016,4365,Video,14160,1218,8.602,131,146,197,32
31/01/2016,3537,Picture,57009,1020,1.789,198,103,127,7
31/01/2016,3770,Article,44649,1346,3.015,124,98,84,34
30/01/2016,5919,Article,75205,579,0.77,189,180,102,21
30/01/2016,2717,Picture,72806,1365,1.875,192,183,100,4
30/01/2016,3805,Article,50028,670,1.339,116,103,178,7
29/01/2016,6095,Article,45194,1478,3.27,117,112,87,17
29/01/2016,3645,Article,29493,1363,4.621,167,122,73,31
29/01/2016,3322,Article,12657,793,6.265,193,54,43,20
28/01/2016,5360,Video,45259,447,0.988,189,104,80,15
28/01/2016,1441,Article,64745,1232,1.903,111,178,175,14
28/01/2016,4681,Video,21007,1195,5.689,192,148,32,1
27/01/2016,5756,Picture,30967,1050,3.391,141,103,137,43
27/01/2016,2578,Picture,74110,667,0.9,141,124,76,9
27/01/2016,3685,Article,75787,1275,1.682,126,124,153,9
26/01/2016,1646,Video,22397,609,2.719,103,61,199,33
26/01/2016,6014,Video,58604,1093,1.865,175,113,133,46
26/01/2016,2196,Video,14181,740,5.218,106,182,198,15
25/01/2016,5273,Article,71042,1074,1.512,169,174,142,35
25/01/2016,3527,Video,27917,1396,5.001,123,184,141,23
25/01/2016,6483,Picture,65260,1205,1.846,189,158,181,23
24/01/2016,4347,Picture,42509,836,1.967,108,184,104,31
24/01/2016,4452,Video,29249,876,2.995,139,56,116,42
24/01/2016,6137,Picture,62229,600,0.964,185,98,136,49
23/01/2016,5915,Video,25797,993,3.849,179,162,43,23
23/01/2016,6581,Video,38805,952,2.453,120,190,98,3
23/01/2016,1427,Article,72029,1219,1.692,185,95,122,6
22/01/2016,2940,Video,43873,508,1.158,122,128,12,16
22/01/2016,4525,Article,36309,1261,3.473,200,88,19,15
22/01/2016,3868,Picture,26353,1179,4.474,127,162,63,13
21/01/2016,5386,Picture,31767,1190,3.746,150,160,62,35
21/01/2016,5076,Picture,46230,875,1.893,199,145,51,0
21/01/2016,1706,Article,48408,629,1.299,193,152,94,10
20/01/2016,1605,Article,41598,1325,3.185,184,120,158,3
20/01/2016,6273,Video,45392,824,1.815,114,174,104,31
20/01/2016,4939,Video,78772,685,0.87,194,131,51,1
19/01/2016,4566,Video,52434,936,1.785,188,79,100,10
19/01/2016,1688,Video,76261,1335,1.751,162,146,189,11
19/01/2016,6442,Article,29220,1278,4.374,189,163,152,35
18/01/2016,1050,Video,45755,1410,3.082,131,98,111,20
18/01/2016,3539,Video,68253,1375,2.015,129,192,129,13
18/01/2016,3218,Article,19867,1223,6.156,110,168,30,17
17/01/2016,5128,Picture,38365,940,2.45,196,191,110,35
17/01/2016,1161,Picture,78216,842,1.077,110,146,138,16
17/01/2016,6057,Picture,14318,1436,10.029,188,138,58,19
16/01/2016,2625,Article,24892,1255,5.042,195,197,44,33
16/01/2016,6252,Picture,56289,759,1.348,177,134,90,45
16/01/2016,4865,Video,50581,960,1.898,166,157,195,32
15/01/2016,2687,Video,38646,732,1.894,150,114,104,15
15/01/2016,3232,Picture,58951,1097,1.861,159,127,10,11
15/01/2016,3165,Video,42550,873,2.052,181,121,117,48
14/01/2016,4001,Video,41917,977,2.331,143,164,126,27
14/01/2016,4739,Article,60100,1330,2.213,157,178,149,10
14/01/2016,5276,Video,64115,1368,2.134,108,55,63,32
13/01/2016,6594,Picture,27798,513,1.845,171,187,167,47
13/01/2016,1444,Article,23671,708,2.991,138,53,72,11
13/01/2016,2780,Video,19094,1004,5.258,137,128,41,48
12/01/2016,5772,Video,34808,449,1.29,162,126,31,32
12/01/2016,3586,Article,52519,1471,2.801,145,103,62,4
12/01/2016,3812,Article,22404,1110,4.954,108,95,88,13
11/01/2016,4345,Picture,23311,467,2.003,147,176,34,22
11/01/2016,1330,Article,32164,1224,3.805,131,135,75,44
11/01/2016,3620,Picture,45997,1441,3.133,158,175,56,13
10/01/2016,3567,Picture,40733,1170,2.872,107,124,79,40
10/01/2016,5387,Video,14981,455,3.037,136,187,162,23
10/01/2016,3777,Picture,80000,445,0.556,157,157,135,18
09/01/2016,5496,Article,28617,1049,3.666,179,66,121,48
09/01/2016,5240,Video,53324,1094,2.052,137,72,185,18
09/01/2016,2642,Video,38604,1261,3.267,183,143,41,38
08/01/2016,5817,Video,23461,690,2.941,160,162,72,19
08/01/2016,6595,Video,42721,1038,2.43,181,72,148,18
08/01/2016,1948,Video,26202,954,3.641,168,70,156,10
07/01/2016,5148,Picture,26838,651,2.426,180,77,76,17
07/01/2016,3396,Picture,66442,757,1.139,128,169,97,38
07/01/2016,1881,Article,73692,401,0.544,157,54,113,23
06/01/2016,1796,Article,32375,1230,3.799,200,93,145,25
06/01/2016,2666,Picture,61008,1423,2.332,180,116,24,3
06/01/2016,5225,Video,66249,885,1.336,119,63,103,30
05/01/2016,1863,Picture,41563,1017,2.447,157,184,132,31
05/01/2016,6083,Article,18088,916,5.064,176,118,92,19
05/01/2016,5462,Article,51361,1025,1.996,151,60,196,29
04/01/2016,2183,Article,10086,818,8.11,114,72,18,16
04/01/2016,6944,Video,39071,1045,2.675,158,172,162,14
04/01/2016,3230,Article,28631,1147,4.006,156,73,101,50
03/01/2016,2036,Video,67536,401,0.594,118,177,17,45
03/01/2016,2746,Video,12712,531,4.177,144,77,147,37
03/01/2016,4543,Video,29382,753,2.563,130,164,148,23
02/01/2016,1018,Video,57715,1462,2.533,177,54,152,0
02/01/2016,3041,Picture,55723,504,0.904,114,117,110,44
02/01/2016,3390,Article,35502,1113,3.135,100,78,103,9
01/01/2016,4723,Article,52545,897,1.707,166,117,195,50
01/01/2016,5508,Article,19061,1399,7.34,183,173,25,42
01/01/2016,2981,Article,72233,1087,1.505,166,116,55,23